"","lon","lat"
"1",-88.488099,33.9842768
"2",-84.3635338,35.5197984
"3",-94.6858998,46.729553
"4",-83.8473015,42.3076493
"5",-117.6483876,34.09751
"6",-86.1066526,39.6136578
"7",-89.5181476,37.3058839
"8",-95.712891,37.09024
"9",-84.4013462,42.245869
"10",-71.0588801,42.3600825
"11",-71.0588801,42.3600825
"12",-91.9623327,30.9842977
"13",-91.9623327,30.9842977
"14",-119.4179324,36.778261
"15",-106.346771,56.130366
"16",-81.5157535,27.6648274
"17",-119.2108283,34.2672265
"18",NA,NA
"19",-75.9268747,40.3356483
"20",-97.0035982,28.8052674
"21",-92.0198427,30.2240897
"22",-115.1745559,36.1023715
"23",-99.9018131,31.9685988
"24",-99.9018131,31.9685988
"25",-73.567256,45.5016889
"26",-68.7712257,44.8016128
"27",-80.1917902,25.7616798
"28",-95.3698028,29.7604267
"29",-95.706922,37.2256801
"30",-95.706922,37.2256801
"31",-95.706922,37.2256801
"32",-95.706922,37.2256801
"33",-95.706922,37.2256801
"34",-95.706922,37.2256801
"35",-95.706922,37.2256801
"36",-95.706922,37.2256801
"37",-95.706922,37.2256801
"38",-95.706922,37.2256801
"39",-95.706922,37.2256801
"40",-95.706922,37.2256801
"41",-95.706922,37.2256801
"42",-95.706922,37.2256801
"43",-95.706922,37.2256801
"44",-95.706922,37.2256801
"45",-95.706922,37.2256801
"46",-95.706922,37.2256801
"47",-95.706922,37.2256801
"48",-95.706922,37.2256801
"49",-95.706922,37.2256801
"50",-83.9007382,33.8389977
"51",-112.0077881,33.4372686
"52",-7.6920536,53.1423672
"53",-71.4774291,41.5800945
"54",-71.4774291,41.5800945
"55",-79.0192997,35.7595731
"56",-84.6485417,33.3392842
"57",-118.2436849,34.0522342
"58",-97.2111999,46.9005292
"59",-71.0588801,42.3600825
"60",-119.4179324,36.778261
"61",-88.0398912,30.6953657
"62",-90.1994042,38.6270025
"63",-73.8648268,40.8447819
"64",-89.3985283,40.6331249
"65",-117.1610838,32.715738
"66",-75.977985,36.8529263
"67",-89.7984096,32.3129234
"68",-82.9987942,39.9611755
"69",-82.9987942,39.9611755
"70",-97.0793675,36.6763758
"71",-89.3985283,40.6331249
"72",-73.7948516,40.7282239
"73",-121.9552356,37.3541079
"74",-97.3307658,32.7554883
"75",-99.9018131,31.9685988
"76",-95.712891,37.09024
"77",-80.8431267,35.2270869
"78",-82.907123,40.4172871
"79",-106.346771,56.130366
"80",-106.346771,56.130366
"81",-106.346771,56.130366
"82",-106.346771,56.130366
"83",-106.346771,56.130366
"84",-106.346771,56.130366
"85",-106.346771,56.130366
"86",-106.4850217,31.7618778
"87",-97.7430608,30.267153
"88",-79.7919754,36.0726354
"89",-96.3344068,30.627977
"90",-88.2039607,41.8847507
"91",-95.3698028,29.7604267
"92",-81.6943605,41.49932
"93",-81.6943605,41.49932
"94",-81.6943605,41.49932
"95",-81.6943605,41.49932
"96",-81.6943605,41.49932
"97",-81.6943605,41.49932
"98",-81.6943605,41.49932
"99",-81.6943605,41.49932
"100",-81.6943605,41.49932
"101",-76.6412712,39.0457549
"102",-76.6412712,39.0457549
"103",-71.3824374,42.4072107
"104",-7.6920536,53.1423672
"105",-88.7878678,43.7844397
"106",-81.1637245,33.836081
"107",-90.0715323,29.9510658
"108",-81.2362107,33.9815369
"109",-111.9738304,41.223
"110",-73.8648268,40.8447819
"111",-121.4943996,38.5815719
"112",-82.9000751,32.1656221
"113",-81.2408689,41.6748445
"114",-85.6023643,44.3148443
"115",-85.6023643,44.3148443
"116",-85.6023643,44.3148443
"117",-85.6023643,44.3148443
"118",-85.6023643,44.3148443
"119",-74.0059728,40.7127753
"120",-119.4179324,36.778261
"121",-119.4179324,36.778261
"122",-119.4179324,36.778261
"123",-119.4179324,36.778261
"124",-119.4179324,36.778261
"125",-122.4194155,37.7749295
"126",-98.1230638,26.1836854
"127",-117.1130849,32.5839444
"128",-122.6727305,45.6272259
"129",-82.9987942,39.9611755
"130",-82.9000751,32.1656221
"131",-83.0457538,42.331427
"132",-81.7981908,41.4819932
"133",-95.8324997,37.529724
"134",-97.678896,30.5082551
"135",-99.9018131,31.9685988
"136",-99.9018131,31.9685988
"137",-99.9018131,31.9685988
"138",-77.1945247,41.2033216
"139",-93.1337856,35.2784173
"140",-80.0942087,26.9342246
"141",-80.0942087,26.9342246
"142",-123.727678,39.8782944
"143",-104.990251,39.7392358
"144",-97.092877,35.0077519
"145",-111.9260519,33.4941704
"146",-111.0937311,34.0489281
"147",-74.0059728,40.7127753
"148",-96.9488945,32.8140177
"149",-96.9488945,32.8140177
"150",-97.0403352,32.8998091
"151",NA,NA
"152",-87.6297982,41.8781136
"153",-106.650422,35.0843859
"154",-106.650422,35.0843859
"155",-117.9988026,33.6594835
"156",-98.4936282,29.4241219
"157",-74.0059728,40.7127753
"158",-74.0059728,40.7127753
"159",-74.0059728,40.7127753
"160",-74.0059728,40.7127753
"161",-118.2436849,34.0522342
"162",-117.1483648,33.4936391
"163",-84.3066722,34.1945158
"164",-73.087749,41.6032207
"165",-95.712891,37.09024
"166",-95.712891,37.09024
"167",-86.8103567,33.5185892
"168",-82.9000751,32.1656221
"169",-115.1398296,36.1699412
"170",-115.1398296,36.1699412
"171",-115.1398296,36.1699412
"172",-115.1398296,36.1699412
"173",-115.1398296,36.1699412
"174",-115.1398296,36.1699412
"175",-115.1398296,36.1699412
"176",-115.1398296,36.1699412
"177",-115.1398296,36.1699412
"178",-115.1398296,36.1699412
"179",-115.1398296,36.1699412
"180",-115.1398296,36.1699412
"181",-115.1398296,36.1699412
"182",-115.1398296,36.1699412
"183",-115.1398296,36.1699412
"184",-115.1398296,36.1699412
"185",-115.1398296,36.1699412
"186",-115.1398296,36.1699412
"187",-118.2436849,34.0522342
"188",-79.8969819,37.2809707
"189",-122.4194155,37.7749295
"190",-98.4936282,29.4241219
"191",-91.8318334,37.9642529
"192",-84.4493725,33.6534427
"193",-76.4859544,44.2311717
"194",-77.0909809,38.8816208
"195",-77.0909809,38.8816208
"196",-77.0909809,38.8816208
"197",-106.346771,56.130366
"198",-117.7325848,33.9898188
"199",-97.685075,30.435875
"200",-122.5950942,45.5897694
"201",-89.0928155,30.3674198
"202",-89.0928155,30.3674198
"203",-89.0928155,30.3674198
"204",-86.7816016,36.1626638
"205",-79.8919774,36.9976403
"206",-95.712891,37.09024
"207",-119.0187125,35.3732921
"208",-119.0187125,35.3732921
"209",-119.0187125,35.3732921
"210",-83.9207392,35.9606384
"211",-83.9207392,35.9606384
"212",NA,NA
"213",-119.4179324,36.778261
"214",-87.6297982,41.8781136
"215",-122.4194155,37.7749295
"216",NA,NA
"217",-95.712891,37.09024
"218",-73.9441579,40.6781784
"219",-73.9441579,40.6781784
"220",-73.9441579,40.6781784
"221",-73.9441579,40.6781784
"222",-79.3831843,43.653226
"223",-81.6943605,41.49932
"224",-91.9623327,30.9842977
"225",-119.4179324,36.778261
"226",-120.7401385,47.7510741
"227",-118.2120161,33.954737
"228",-96.4049408,42.4963416
"229",-86.4283279,39.4278253
"230",-91.6656232,41.9778795
"231",-92.658557,30.8167525
"232",-90.1153638,32.4618086
"233",-99.9018131,31.9685988
"234",-73.9441579,40.6781784
"235",-90.0715323,29.9510658
"236",-99.9018131,31.9685988
"237",-99.9018131,31.9685988
"238",-77.1945247,41.2033216
"239",-122.9888319,38.5779555
"240",-77.0368707,38.9071923
"241",-78.8783689,42.8864468
"242",-94.9027002,29.383845
"243",-90.1660441,29.9586858
"244",-84.324087,34.8639719
"245",-95.712891,37.09024
"246",-95.712891,37.09024
"247",-95.3698028,29.7604267
"248",-86.158068,39.768403
"249",-72.6733723,41.7658043
"250",-79.3831843,43.653226
"251",-118.2436849,34.0522342
"252",-86.4691677,40.0483744
"253",-87.3375312,41.5568315
"254",-79.0192997,35.7595731
"255",-76.2858726,36.8507689
"256",-80.1917902,25.7616798
"257",-113.4909267,53.544389
"258",-77.0368707,38.9071923
"259",-111.8910474,40.7607793
"260",-113.4909267,53.544389
"261",NA,NA
"262",-95.3698028,29.7604267
"263",-89.3985283,40.6331249
"264",-81.5157535,27.6648274
"265",NA,NA
"266",-95.4078111,29.7702071
"267",NA,NA
"268",-95.3698028,29.7604267
"269",-81.5157535,27.6648274
"270",-80.1917902,25.7616798
"271",-110.9021561,46.548277
"272",-118.7628685,34.1791715
"273",-78.6381787,35.7795897
"274",-123.0867536,44.0520691
"275",-123.0867536,44.0520691
"276",-123.0867536,44.0520691
"277",-85.6023643,44.3148443
"278",-119.4179324,36.778261
"279",NA,NA
"280",-84.3879824,33.7489954
"281",-84.3879824,33.7489954
"282",-97.5164276,35.4675602
"283",-79.0192997,35.7595731
"284",-76.1474244,43.0481221
"285",-76.1474244,43.0481221
"286",-118.1170117,33.8816818
"287",NA,NA
"288",-77.1108826,45.8266513
"289",-95.3698028,29.7604267
"290",-120.5542012,43.8041334
"291",-79.3831843,43.653226
"292",-78.6568942,37.4315734
"293",-78.6568942,37.4315734
"294",-78.6568942,37.4315734
"295",-97.6961026,26.1906306
"296",NA,NA
"297",-111.8910474,40.7607793
"298",-97.3307658,32.7554883
"299",-81.3792365,28.5383355
"300",-71.0588801,42.3600825
"301",-84.4838654,42.7369792
"302",NA,NA
"303",-85.323214,51.253775
"304",-95.712891,37.09024
"305",-112.1016088,40.7091121
"306",-101.7068294,19.5665192
"307",-101.7068294,19.5665192
"308",-74.0059728,40.7127753
"309",-81.6089873,31.8690667
"310",-119.4179324,36.778261
"311",-75.1652215,39.9525839
"312",-75.1652215,39.9525839
"313",-75.1652215,39.9525839
"314",-76.6412712,39.0457549
"315",-122.2711137,37.8043637
"316",-79.5411497,40.1489607
"317",-92.2243153,34.8150907
"318",-93.097702,41.8780025
"319",-115.1398296,36.1699412
"320",-80.4549026,38.5976262
"321",-80.4549026,38.5976262
"322",-80.4549026,38.5976262
"323",-80.4549026,38.5976262
"324",-74.8648873,40.071222
"325",-105.2705456,40.0149856
"326",-91.5301683,41.6611277
"327",-94.1396028,36.359539
"328",-106.346771,56.130366
"329",-97.1383744,49.895136
"330",-95.712891,37.09024
"331",-111.0937311,34.0489281
"332",-111.8910474,40.7607793
"333",-86.5804473,35.5174913
"334",-86.5804473,35.5174913
"335",-4.2026458,56.4906712
"336",-4.2026458,56.4906712
"337",-76.1804843,42.6011813
"338",-71.3824374,42.4072107
"339",-82.907123,40.4172871
"340",-117.0841955,32.6400541
"341",-111.9260519,33.4941704
"342",-111.9260519,33.4941704
"343",-104.990251,39.7392358
"344",NA,NA
"345",NA,NA
"346",NA,NA
"347",-79.7848422,43.6766398
"348",-95.712891,37.09024
"349",-95.712891,37.09024
"350",-117.5602581,36.6810697
"351",-71.0588801,42.3600825
"352",-102.552784,23.634501
"353",35.862285,33.854721
"354",35.862285,33.854721
"355",35.862285,33.854721
"356",35.862285,33.854721
"357",35.862285,33.854721
"358",35.862285,33.854721
"359",35.862285,33.854721
"360",-95.8243956,29.7857853
"361",-77.3832315,44.1627589
"362",-117.1610838,32.715738
"363",-72.7228293,41.6972996
"364",-84.3879824,33.7489954
"365",-86.158068,39.768403
"366",-115.1398296,36.1699412
"367",-111.8910474,40.7607793
"368",-102.552784,23.634501
"369",-77.0368707,38.9071923
"370",-96.7969879,32.7766642
"371",-116.5452921,33.8302961
"372",-122.3126222,47.3223221
"373",-80.5364593,41.0353371
"374",-121.4943996,38.5815719
"375",-121.4943996,38.5815719
"376",-79.3831843,43.653226
"377",-79.3831843,43.653226
"378",-122.4194155,37.7749295
"379",-95.712891,37.09024
"380",-95.7150582,37.0901287
"381",-95.7150582,37.0901287
"382",-95.7150582,37.0901287
"383",-117.0841955,32.6400541
"384",-119.4179324,36.778261
"385",NA,NA
"386",-96.7969879,32.7766642
"387",21.745275,41.608635
"388",-77.781167,21.521757
"389",-74.6829363,39.9720578
"390",-74.0059728,40.7127753
"391",-74.0059728,40.7127753
"392",-122.2852473,37.831316
"393",-106.346771,56.130366
"394",-82.4571776,27.950575
"395",-99.9018131,41.4925374
"396",-122.3320708,47.6062095
"397",-79.5394625,43.8430176
"398",-79.5394625,43.8430176
"399",-79.5394625,43.8430176
"400",-71.0588801,42.3600825
"401",-74.2990401,41.6081492
"402",-118.2436849,34.0522342
"403",-105.8700901,34.5199402
"404",-105.8700901,34.5199402
"405",-95.712891,37.09024
"406",-122.6727305,45.6272259
"407",-91.1871466,30.4514677
"408",-81.5157535,27.6648274
"409",-93.2650108,44.977753
"410",-118.7797571,34.0259216
"411",-118.7797571,34.0259216
"412",-75.977985,36.8529263
"413",-95.712891,37.09024
"414",-120.0265798,39.2376846
"415",-73.7948516,40.7282239
"416",-106.346771,56.130366
"417",-83.5378674,41.6528052
"418",-97.7430608,30.267153
"419",-99.9018131,31.9685988
"420",-87.6297982,41.8781136
"421",-73.134961,40.789142
"422",-120.5542012,43.8041334
"423",-74.0059728,40.7127753
"424",-84.2700179,37.8393332
"425",-84.2700179,37.8393332
"426",-122.3320708,47.6062095
"427",-149.0729714,62.4113634
"428",-118.2436849,34.0522342
"429",-110.9559192,29.0729673
"430",-79.9958864,40.4406248
"431",-96.7969879,32.7766642
"432",-91.9623327,30.9842977
"433",-122.6587185,45.5122308
"434",-122.6587185,45.5122308
"435",-118.2436849,34.0522342
"436",-79.0192997,35.7595731
"437",-77.0368707,38.9071923
"438",-79.9558968,39.629526
"439",-80.4549026,38.5976262
"440",-97.1436254,34.1742611
"441",-118.2436849,34.0522342
"442",-79.3831843,43.653226
"443",-119.4179324,36.778261
"444",-93.2009998,44.9374831
"445",-93.2009998,44.9374831
"446",-93.2009998,44.9374831
"447",-93.2009998,44.9374831
"448",-93.2009998,44.9374831
"449",-93.2009998,44.9374831
"450",-74.0059728,40.7127753
"451",-80.569239,41.1564463
"452",-123.0867536,44.0520691
"453",-95.712891,37.09024
"454",-95.712891,37.09024
"455",-95.712891,37.09024
"456",-95.712891,37.09024
"457",-95.712891,37.09024
"458",-95.712891,37.09024
"459",-95.712891,37.09024
"460",-121.4943996,38.5815719
"461",-95.712891,37.09024
"462",-118.2436849,34.0522342
"463",-80.8081413,35.5859146
"464",-95.712891,37.09024
"465",-83.0457538,42.331427
"466",-86.39027,35.8456213
"467",-73.8648268,40.8447819
"468",NA,NA
"469",-72.6624209,42.3471357
"470",-89.3985283,32.3546679
"471",-95.3698028,29.7604267
"472",-92.6715308,30.080764
"473",-74.0059728,40.7127753
"474",-98.1244531,29.7030024
"475",-118.2436849,34.0522342
"476",-115.1398296,36.1699412
"477",-122.9006951,47.0378741
"478",-77.4360481,37.5407246
"479",-119.4179324,36.778261
"480",-74.0059728,40.7127753
"481",NA,NA
"482",-97.092877,35.0077519
"483",-91.9623327,30.9842977
"484",-70.0309753,41.9305468
"485",-91.8318334,37.9642529
"486",-91.8318334,37.9642529
"487",-91.8318334,37.9642529
"488",-75.2479061,40.7291847
"489",-79.9558968,39.629526
"490",-122.2711137,37.8043637
"491",-86.8103567,33.5185892
"492",-86.0344079,32.6354093
"493",-117.1610838,32.715738
"494",-74.0059728,40.7127753
"495",-89.2137254,43.1836046
"496",-90.1994042,38.6270025
"497",-85.6206317,44.7630567
"498",-95.712891,37.09024
"499",-122.2711137,37.8043637
"500",-111.9260519,33.4941704
"501",-102.552784,23.634501
"502",-95.08414,29.516383
"503",-87.6297982,41.8781136
"504",-79.7624177,43.7315479
"505",-122.6587185,45.5122308
"506",-95.712891,37.09024
"507",-95.712891,37.09024
"508",-95.712891,37.09024
"509",-95.712891,37.09024
"510",-88.5426136,44.0247062
"511",-74.0059728,40.7127753
"512",-77.0368707,38.9071923
"513",-71.8022934,42.2625932
"514",-94.1071797,41.8385964
"515",-94.1071797,41.8385964
"516",-71.0588801,42.3600825
"517",-71.0588801,42.3600825
"518",-71.0588801,42.3600825
"519",-94.9640228,30.7345082
"520",-104.990251,39.7392358
"521",-74.0059728,40.7127753
"522",-81.9320482,34.9495672
"523",-71.3824374,42.4072107
"524",-78.8783689,42.8864468
"525",-86.3077368,32.3792233
"526",-95.992775,36.1539816
"527",-84.2700179,37.8393332
"528",-80.2720376,26.1025699
"529",-107.8140452,37.6302699
"530",-73.567256,45.5016889
"531",-122.3320708,47.6062095
"532",-86.3530456,36.8737874
"533",-73.9441579,40.6781784
"534",-71.3824374,42.4072107
"535",-71.3824374,42.4072107
"536",-117.3754942,33.9806005
"537",-82.2223774,41.3978217
"538",-97.0403352,32.8998091
"539",-81.3792365,28.5383355
"540",-73.567256,45.5016889
"541",-77.0368707,38.9071923
"542",-121.8863286,37.3382082
"543",-81.5157535,27.6648274
"544",-122.6587185,45.5122308
"545",-95.9345034,41.2565369
"546",-83.5688488,42.3708516
"547",-120.5542012,43.8041334
"548",-115.1745559,36.1023715
"549",-122.2913078,37.8271784
"550",-86.158068,39.768403
"551",-86.158068,39.768403
"552",-86.158068,39.768403
"553",-86.158068,39.768403
"554",-86.158068,39.768403
"555",-86.158068,39.768403
"556",-86.158068,39.768403
"557",-86.158068,39.768403
"558",-122.2711137,37.8043637
"559",-114.6276916,32.6926512
"560",-81.6943605,41.49932
"561",-74.4056612,40.0583238
"562",-96.7969879,32.7766642
"563",-96.7969879,32.7766642
"564",-119.4179324,36.778261
"565",-74.4056612,40.0583238
"566",-76.8867008,40.2731911
"567",-84.2700179,37.8393332
"568",-88.041746,42.3444664
"569",-119.4179324,36.778261
"570",-90.0715323,29.9510658
"571",-77.297508,18.109581
"572",-79.3831843,43.653226
"573",-118.3695196,33.9161251
"574",-95.712891,37.09024
"575",-78.8783689,42.8864468
"576",-118.2436849,34.0522342
"577",-118.2436849,34.0522342
"578",-118.2436849,34.0522342
"579",-118.2436849,34.0522342
"580",-118.2436849,34.0522342
"581",-118.2436849,34.0522342
"582",-118.2436849,34.0522342
"583",-118.2436849,34.0522342
"584",-118.2436849,34.0522342
"585",-118.2436849,34.0522342
"586",-118.2436849,34.0522342
"587",-118.2436849,34.0522342
"588",-118.2436849,34.0522342
"589",-118.2436849,34.0522342
"590",-118.2436849,34.0522342
"591",-118.2436849,34.0522342
"592",-118.2436849,34.0522342
"593",-118.2436849,34.0522342
"594",-118.2436849,34.0522342
"595",-118.2436849,34.0522342
"596",-118.2436849,34.0522342
"597",-118.2436849,34.0522342
"598",-118.2436849,34.0522342
"599",-118.2436849,34.0522342
"600",-118.2436849,34.0522342
"601",-118.2436849,34.0522342
"602",-118.2436849,34.0522342
"603",-118.2436849,34.0522342
"604",-118.2436849,34.0522342
"605",-118.2436849,34.0522342
"606",-118.2436849,34.0522342
"607",-118.2436849,34.0522342
"608",-118.2436849,34.0522342
"609",-118.2436849,34.0522342
"610",-118.2436849,34.0522342
"611",-120.5542012,43.8041334
"612",-120.5542012,43.8041334
"613",-120.5542012,43.8041334
"614",-120.5542012,43.8041334
"615",-120.5542012,43.8041334
"616",4.469936,50.503887
"617",-89.3985283,32.3546679
"618",4.469936,50.503887
"619",-77.4874416,39.0437567
"620",-117.1610838,32.715738
"621",-79.3831843,43.653226
"622",-72.5778415,44.5588028
"623",-83.8605332,33.5967024
"624",-82.8087864,40.0811745
"625",133.775136,-25.274398
"626",-93.097702,41.8780025
"627",-118.2436849,34.0522342
"628",-86.902298,32.3182314
"629",-75.4714098,40.6022939
"630",-83.0457538,42.331427
"631",-117.1825381,34.0555693
"632",-119.4179324,36.778261
"633",-111.9260519,33.4941704
"634",-111.9260519,33.4941704
"635",-111.9260519,33.4941704
"636",-111.9260519,33.4941704
"637",-111.9260519,33.4941704
"638",-111.9260519,33.4941704
"639",-111.9260519,33.4941704
"640",-78.6568942,37.4315734
"641",-99.9018131,31.9685988
"642",-99.9018131,31.9685988
"643",-122.2816328,37.5669611
"644",-77.0368707,38.9071923
"645",-99.9961947,25.592172
"646",-75.1652215,39.9525839
"647",-80.8431267,35.2270869
"648",-96.8236116,33.1506744
"649",-95.3698028,29.7604267
"650",-81.3578859,41.1536674
"651",-81.3578859,41.1536674
"652",-118.2436849,34.0522342
"653",-97.7430608,30.267153
"654",-71.3824374,42.4072107
"655",-71.3824374,42.4072107
"656",-71.3824374,42.4072107
"657",-71.3824374,42.4072107
"658",-71.3824374,42.4072107
"659",-71.3824374,42.4072107
"660",-72.5198537,42.3732216
"661",-87.9064736,43.0389025
"662",-87.9064736,43.0389025
"663",-87.9064736,43.0389025
"664",-87.9064736,43.0389025
"665",-87.9064736,43.0389025
"666",-87.9064736,43.0389025
"667",-87.9064736,43.0389025
"668",-87.9064736,43.0389025
"669",-87.9064736,43.0389025
"670",-87.9064736,43.0389025
"671",-87.9064736,43.0389025
"672",-87.9064736,43.0389025
"673",-113.8112386,52.2681118
"674",-95.6366702,37.0366109
"675",-95.6366702,37.0366109
"676",-106.4850217,31.7618778
"677",-98.3161241,29.5180081
"678",-69.5188885,44.0328765
"679",-73.9441579,40.6781784
"680",-116.419389,34.9592083
"681",-73.7948516,40.7282239
"682",-88.7878678,43.7844397
"683",-98.4842465,39.011902
"684",-111.0937311,39.3209801
"685",-71.4128343,41.8239891
"686",-93.2650108,44.977753
"687",-81.5157535,27.6648274
"688",-82.9318807,40.1266689
"689",-117.5931084,34.1063989
"690",-83.7430378,42.2808256
"691",-119.4179324,36.778261
"692",-69.4454689,45.253783
"693",-122.7094767,42.1945758
"694",-79.3831843,43.653226
"695",-88.9906312,40.5142026
"696",-88.9906312,40.5142026
"697",-88.9906312,40.5142026
"698",-88.9906312,40.5142026
"699",-122.6587185,45.5122308
"700",-94.6858998,46.729553
"701",-119.0592705,34.3541659
"702",-74.0059728,40.7127753
"703",-82.907123,40.4172871
"704",-85.323214,51.253775
"705",-77.0368707,38.9071923
"706",-111.0937311,34.0489281
"707",-84.2807329,30.4382559
"708",-99.9018131,31.9685988
"709",-93.2650108,44.977753
"710",-93.2650108,44.977753
"711",-93.2650108,44.977753
"712",-93.2650108,44.977753
"713",-93.2650108,44.977753
"714",-75.2854622,40.0067785
"715",-74.0059728,40.7127753
"716",-74.0059728,40.7127753
"717",-117.9988026,33.6594835
"718",-117.9988026,33.6594835
"719",-86.3977735,39.8433769
"720",-74.0059728,40.7127753
"721",-106.346771,56.130366
"722",-106.346771,56.130366
"723",-75.5276699,38.9108325
"724",-110.7009206,32.0005283
"725",-87.1111676,37.7719074
"726",-74.0059728,40.7127753
"727",-118.1937395,33.7700504
"728",-95.712891,37.09024
"729",-88.0070315,43.0166806
"730",18.643501,60.128161
"731",-95.3698028,29.7604267
"732",-81.5157535,27.6648274
"733",-74.4229266,39.3642834
"734",-74.4229266,39.3642834
"735",-74.4229266,39.3642834
"736",-74.4229266,39.3642834
"737",-76.1474244,43.0481221
"738",-82.9987942,39.9611755
"739",-82.9987942,39.9611755
"740",-82.9987942,39.9611755
"741",-121.4943996,38.5815719
"742",-121.4943996,38.5815719
"743",-85.323214,51.253775
"744",-85.6023643,44.3148443
"745",-75.1652215,39.9525839
"746",-99.9018131,31.9685988
"747",-120.7401385,47.7510741
"748",-120.7401385,47.7510741
"749",-118.3617443,34.0900091
"750",-76.6412712,39.0457549
"751",-76.6412712,39.0457549
"752",-84.2700179,37.8393332
"753",-79.3831843,43.653226
"754",-109.7869527,44.2642998
"755",-109.7869527,44.2642998
"756",-71.2438622,42.7538211
"757",-74.0059728,40.7127753
"758",-111.0937311,39.3209801
"759",-71.0588801,42.3600825
"760",-84.3879824,33.7489954
"761",-84.3879824,33.7489954
"762",-84.3879824,33.7489954
"763",-84.3879824,33.7489954
"764",-84.3879824,33.7489954
"765",-84.3879824,33.7489954
"766",-84.3879824,33.7489954
"767",-90.0489801,35.1495343
"768",-79.2482555,42.9921579
"769",-99.9018131,31.9685988
"770",-82.9000751,32.1656221
"771",-94.2020084,46.3526733
"772",-97.3307658,32.7554883
"773",-93.6001278,41.7317884
"774",-117.9143012,33.8365932
"775",-117.9143012,33.8365932
"776",-84.3879824,33.7489954
"777",-84.3879824,33.7489954
"778",-97.4253185,35.878937
"779",-74.0059728,40.7127753
"780",-80.993029,46.4917317
"781",-80.993029,46.4917317
"782",-106.346771,56.130366
"783",-86.5263857,39.165325
"784",-96.5788187,46.8772557
"785",-92.7140402,32.5276503
"786",-122.3320708,47.6062095
"787",-95.712891,37.09024
"788",-87.6297982,41.8781136
"789",-74.2154239,41.9278705
"790",-117.9379952,33.7742692
"791",-117.9379952,33.7742692
"792",-97.3307658,32.7554883
"793",-119.4179324,36.778261
"794",-104.8213634,38.8338816
"795",-106.6700458,52.1332144
"796",-79.3831843,43.653226
"797",-77.297508,18.109581
"798",-117.1610838,32.715738
"799",-84.5120196,39.1031182
"800",-84.5120196,39.1031182
"801",NA,NA
"802",NA,NA
"803",-120.5058987,46.6020711
"804",-86.7816016,36.1626638
"805",-86.7816016,36.1626638
"806",-86.7816016,36.1626638
"807",-86.7816016,36.1626638
"808",-86.7816016,36.1626638
"809",-86.7816016,36.1626638
"810",-119.0187125,35.3732921
"811",-119.0187125,35.3732921
"812",-71.3824374,42.4072107
"813",-71.3824374,42.4072107
"814",-98.4936282,29.4241219
"815",-115.3597129,51.0892428
"816",NA,NA
"817",-96.4719312,32.7481845
"818",-119.4179324,36.778261
"819",-118.2436849,34.0522342
"820",-77.0909809,38.8816208
"821",-118.918154,34.3991639
"822",-123.2620435,44.5645659
"823",-106.346771,56.130366
"824",-120.7401385,47.7510741
"825",133.775136,-25.274398
"826",-77.0368707,38.9071923
"827",-87.6297982,41.8781136
"828",-97.6961026,26.1906306
"829",-90.0715323,29.9510658
"830",-3.74922,40.463667
"831",-81.1059309,40.9153362
"832",-79.9310512,32.7764749
"833",-119.4179324,36.778261
"834",-78.6568942,37.4315734
"835",-117.7499909,34.055103
"836",-77.1945247,41.2033216
"837",-71.3824374,42.4072107
"838",-122.4194155,37.7749295
"839",-122.4194155,37.7749295
"840",-98.3959291,34.6035669
"841",0.4690888,51.7343313
"842",-75.3399048,40.121497
"843",-75.3399048,40.121497
"844",-75.3399048,40.121497
"845",-75.3399048,40.121497
"846",-75.3399048,40.121497
"847",-75.3399048,40.121497
"848",-75.3399048,40.121497
"849",-75.3399048,40.121497
"850",-75.3399048,40.121497
"851",-75.3399048,40.121497
"852",-75.3399048,40.121497
"853",-75.3399048,40.121497
"854",-75.3399048,40.121497
"855",-75.3399048,40.121497
"856",-75.3399048,40.121497
"857",-75.3399048,40.121497
"858",-75.3399048,40.121497
"859",-75.3399048,40.121497
"860",-75.3399048,40.121497
"861",-75.3399048,40.121497
"862",-75.3399048,40.121497
"863",-75.3399048,40.121497
"864",-75.3399048,40.121497
"865",-75.3399048,40.121497
"866",-75.3399048,40.121497
"867",-75.3399048,40.121497
"868",-75.3399048,40.121497
"869",-75.3399048,40.121497
"870",-75.3399048,40.121497
"871",-75.3399048,40.121497
"872",-75.3399048,40.121497
"873",-75.3399048,40.121497
"874",-75.3399048,40.121497
"875",-75.3399048,40.121497
"876",-75.3399048,40.121497
"877",-75.3399048,40.121497
"878",-75.3399048,40.121497
"879",-75.3399048,40.121497
"880",-75.3399048,40.121497
"881",-75.3399048,40.121497
"882",-77.0368707,38.9071923
"883",-97.7430608,30.267153
"884",-70.9494938,42.466763
"885",-80.1917902,25.7616798
"886",-75.1652215,39.9525839
"887",NA,NA
"888",-7.6920536,53.1423672
"889",-7.6920536,53.1423672
"890",-82.3246094,37.6061055
"891",-119.4179324,36.778261
"892",-122.2913078,37.8271784
"893",-122.2913078,37.8271784
"894",-71.0588801,42.3600825
"895",NA,NA
"896",-95.712891,37.09024
"897",-118.2117257,34.0297895
"898",-117.1610838,32.715738
"899",-119.0187125,35.3732921
"900",-85.6206317,44.7630567
"901",-85.6206317,44.7630567
"902",-85.6206317,44.7630567
"903",-85.6206317,44.7630567
"904",-85.6206317,44.7630567
"905",-85.6206317,44.7630567
"906",-85.6206317,44.7630567
"907",-85.6206317,44.7630567
"908",-104.6188943,50.4452112
"909",-104.6188943,50.4452112
"910",-104.6188943,50.4452112
"911",-104.6188943,50.4452112
"912",-104.6188943,50.4452112
"913",-104.6188943,50.4452112
"914",-104.6188943,50.4452112
"915",-104.6188943,50.4452112
"916",-104.6188943,50.4452112
"917",-82.6402915,27.7676008
"918",-98.4842465,39.011902
"919",-122.6587185,45.5122308
"920",-96.8324306,32.970174
"921",-95.2362392,38.964526
"922",-81.6943605,41.49932
"923",-95.9360061,36.8115481
"924",-74.0059728,40.7127753
"925",25.7481511,61.92411
"926",25.7481511,61.92411
"927",-84.2700179,37.8393332
"928",-81.6943605,41.49932
"929",NA,NA
"930",NA,NA
"931",-106.346771,56.130366
"932",-91.9623327,30.9842977
"933",-98.4936282,29.4241219
"934",-117.867653,33.7454725
"935",-84.5120196,39.1031182
"936",-84.7299464,38.052576
"937",-84.9291329,40.830603
"938",-84.4838654,42.7369792
"939",-71.3824374,42.4072107
"940",NA,NA
"941",-73.567256,45.5016889
"942",NA,NA
"943",-104.8213634,38.8338816
"944",-122.3867537,47.5666668
"945",-73.8648268,40.8447819
"946",-73.8648268,40.8447819
"947",-73.8648268,40.8447819
"948",-73.8648268,40.8447819
"949",-73.8648268,40.8447819
"950",-73.8648268,40.8447819
"951",-73.8648268,40.8447819
"952",-73.8648268,40.8447819
"953",-73.8648268,40.8447819
"954",-73.8648268,40.8447819
"955",-73.8648268,40.8447819
"956",-73.8648268,40.8447819
"957",-73.8648268,40.8447819
"958",-73.8648268,40.8447819
"959",-73.8648268,40.8447819
"960",-73.8648268,40.8447819
"961",-73.8648268,40.8447819
"962",-73.8648268,40.8447819
"963",-73.8648268,40.8447819
"964",-73.8648268,40.8447819
"965",-82.4542632,27.0997775
"966",-82.4542632,27.0997775
"967",-98.4936282,29.4241219
"968",-97.4408698,35.4420062
"969",-81.3392352,28.5999998
"970",-74.3118212,39.9652553
"971",-106.4850217,31.7618778
"972",-95.712891,37.09024
"973",-95.712891,37.09024
"974",9.501785,56.26392
"975",-86.902298,32.3182314
"976",-78.6568942,37.4315734
"977",-74.0059728,40.7127753
"978",-97.1330683,33.2148412
"979",-87.2169149,30.421309
"980",-81.5370671,41.4739419
"981",-95.712891,37.09024
"982",-76.6412712,39.0457549
"983",-81.091203,32.0808989
"984",-84.5120196,39.1031182
"985",-106.4850217,31.7618778
"986",-117.1610838,32.715738
"987",-81.3792365,28.5383355
"988",-77.1945247,41.2033216
"989",-120.5542012,43.8041334
"990",-104.990251,39.7392358
"991",-104.990251,39.7392358
"992",-86.158068,39.768403
"993",-119.7871247,36.7377981
"994",-74.0059728,40.7127753
"995",-95.712891,37.09024
"996",-89.3985283,40.6331249
"997",-115.1398296,36.1699412
"998",-97.7430608,30.267153
"999",-78.898619,35.9940329
"1000",-83.0457538,42.331427
"1001",-121.4943996,38.5815719
"1002",-121.4943996,38.5815719
"1003",-121.4943996,38.5815719
"1004",-117.145866,33.801408
"1005",NA,NA
"1006",-97.1080656,32.735687
"1007",-116.4201223,43.4918307
"1008",-74.2179326,43.2994285
"1009",-122.3320708,47.6062095
"1010",-93.2650108,44.977753
"1011",-122.3140371,47.6611901
"1012",-88.4153847,44.2619309
"1013",-115.1398296,36.1699412
"1014",-115.1398296,36.1699412
"1015",-84.5120196,39.1031182
"1016",-71.0588801,42.3600825
"1017",-84.5120196,39.1031182
"1018",-111.0937311,34.0489281
"1019",-111.0937311,34.0489281
"1020",-114.7420408,44.0682019
"1021",-80.1083075,26.390569
"1022",-80.1083075,26.390569
"1023",-80.1083075,26.390569
"1024",-118.3870991,34.1395597
"1025",-77.0262286,39.1495278
"1026",-95.712891,37.09024
"1027",-82.907123,40.4172871
"1028",-80.9928068,37.7102092
"1029",-95.712891,37.09024
"1030",-73.9753676,40.7870106
"1031",-77.5797226,43.2133955
"1032",-99.9018131,31.9685988
"1033",-74.0623244,40.8696479
"1034",-85.6680863,42.9633599
"1035",-3.74922,40.463667
"1036",-97.5164276,35.4675602
"1037",-77.9822193,39.1517713
"1038",-104.990251,39.7392358
"1039",-77.0262286,39.1495278
"1040",-73.9441579,40.6781784
"1041",-79.3831843,43.653226
"1042",-99.9018131,31.9685988
"1043",-95.712891,37.09024
"1044",-95.712891,37.09024
"1045",-95.712891,37.09024
"1046",-119.3473379,36.2077288
"1047",-94.8826861,47.471573
"1048",-115.1398296,36.1699412
"1049",-75.977985,36.8529263
"1050",-75.977985,36.8529263
"1051",-87.6297982,41.8781136
"1052",-95.3698028,29.7604267
"1053",-72.589811,42.1014831
"1054",-80.8447766,28.6652727
"1055",NA,NA
"1056",-71.4547891,42.9956397
"1057",-84.5120196,39.1031182
"1058",-117.865339,34.1361187
"1059",-74.4056612,40.0583238
"1060",-80.3035602,25.9860762
"1061",-119.4179324,36.778261
"1062",-71.0588801,42.3600825
"1063",-81.5157535,27.6648274
"1064",-81.0348144,34.0007104
"1065",-98.4936282,29.4241219
"1066",-79.9958864,40.4406248
"1067",-77.0368707,38.9071923
"1068",-88.0313903,31.2662818
"1069",-74.5621025,40.883988
"1070",-119.0187125,35.3732921
"1071",-97.1466695,31.549333
"1072",-97.1466695,31.549333
"1073",-70.7625532,43.0717552
"1074",-82.9000751,32.1656221
"1075",-93.0899578,44.9537029
"1076",-118.2436849,34.0522342
"1077",-86.158068,39.768403
"1078",-87.9913505,43.0489646
"1079",-87.9913505,43.0489646
"1080",-87.9913505,43.0489646
"1081",-87.9913505,43.0489646
"1082",-87.9913505,43.0489646
"1083",-87.9913505,43.0489646
"1084",-87.9913505,43.0489646
"1085",-87.9913505,43.0489646
"1086",-87.9913505,43.0489646
"1087",-87.9913505,43.0489646
"1088",-87.9913505,43.0489646
"1089",-87.9913505,43.0489646
"1090",-87.9913505,43.0489646
"1091",-87.9913505,43.0489646
"1092",-87.9913505,43.0489646
"1093",-87.9913505,43.0489646
"1094",-87.9913505,43.0489646
"1095",-87.9913505,43.0489646
"1096",-87.9913505,43.0489646
"1097",-87.9913505,43.0489646
"1098",-87.9913505,43.0489646
"1099",-87.9913505,43.0489646
"1100",-87.9913505,43.0489646
"1101",-87.9913505,43.0489646
"1102",-87.9913505,43.0489646
"1103",-84.3879824,33.7489954
"1104",-84.3879824,33.7489954
"1105",-119.4179324,36.778261
"1106",-85.6023643,44.3148443
"1107",-85.6023643,44.3148443
"1108",-104.8771726,39.5807452
"1109",-104.8771726,39.5807452
"1110",-97.092877,35.0077519
"1111",-85.6680863,42.9633599
"1112",-113.4909267,53.544389
"1113",-79.7739457,34.9393201
"1114",-119.4179324,36.778261
"1115",-122.6727305,45.6272259
"1116",-122.6727305,45.6272259
"1117",-81.5157535,27.6648274
"1118",33.429859,35.126413
"1119",33.429859,35.126413
"1120",-117.3754942,33.9806005
"1121",-101.8312969,35.2219971
"1122",-73.567256,45.5016889
"1123",-71.0588801,42.3600825
"1124",-100.920999,37.0430812
"1125",-100.920999,37.0430812
"1126",-84.5120196,39.1031182
"1127",-81.0348144,34.0007104
"1128",-79.3831843,43.653226
"1129",-95.712891,37.09024
"1130",-84.5499327,33.952602
"1131",-95.4171601,30.0799405
"1132",-95.4171601,30.0799405
"1133",-78.8783689,42.8864468
"1134",-81.6943605,41.49932
"1135",-77.0368707,38.9071923
"1136",-85.6023643,44.3148443
"1137",-85.6023643,44.3148443
"1138",-85.6023643,44.3148443
"1139",-85.6023643,44.3148443
"1140",-75.1652215,39.9525839
"1141",-81.5190053,41.0814447
"1142",-74.4056612,40.0583238
"1143",0.4690888,51.7343313
"1144",-89.3985283,40.6331249
"1145",NA,NA
"1146",-77.0368707,38.9071923
"1147",-97.092877,35.0077519
"1148",-119.4179324,36.778261
"1149",-71.0707389,42.3587999
"1150",-95.712891,37.09024
"1151",-94.6858998,46.729553
"1152",-104.8560902,39.3722121
"1153",-97.4780954,35.6528323
"1154",-122.3320708,47.6062095
"1155",-122.6587185,45.5122308
"1156",-89.8831541,38.7292147
"1157",-118.2436849,34.0522342
"1158",-122.4194155,37.7749295
"1159",-79.9310512,32.7764749
"1160",-72.6624209,42.3471357
"1161",-116.84503,34.2611183
"1162",-116.84503,34.2611183
"1163",19.5033041,47.162494
"1164",19.5033041,47.162494
"1165",19.5033041,47.162494
"1166",19.5033041,47.162494
"1167",-118.2436849,34.0522342
"1168",-73.087749,41.6032207
"1169",-87.6297982,41.8781136
"1170",-95.712891,37.09024
"1171",-70.9756186,43.304526
"1172",-82.3248262,29.6516344
"1173",-86.511703,39.15802
"1174",-102.0779146,31.9973456
"1175",-102.0779146,31.9973456
"1176",-104.990251,39.7392358
"1177",-99.9018131,31.9685988
"1178",-118.4003563,34.0736204
"1179",-78.8783689,42.8864468
"1180",-114.0708459,51.0486151
"1181",-94.6171303,36.834603
"1182",-88.7878678,43.7844397
"1183",-99.9018131,31.9685988
"1184",-117.3754942,33.9806005
"1185",-117.3754942,33.9806005
"1186",-86.7816016,36.1626638
"1187",-118.1937395,33.7700504
"1188",18.643501,60.128161
"1189",-74.0059728,40.7127753
"1190",-77.0368707,38.9071923
"1191",18.643501,60.128161
"1192",-119.4179324,36.778261
"1193",-117.8265049,33.6845673
"1194",-75.1652215,39.9525839
"1195",-118.8596804,35.4937274
"1196",-118.8596804,35.4937274
"1197",-118.8596804,35.4937274
"1198",-80.6659842,28.3180688
"1199",-73.212072,44.4758825
"1200",-73.212072,44.4758825
"1201",-73.212072,44.4758825
"1202",-73.212072,44.4758825
"1203",-122.3320708,47.6062095
"1204",-75.6971931,45.4215296
"1205",-97.1383744,49.895136
"1206",-122.8755949,42.3265152
"1207",-71.0588801,42.3600825
"1208",-119.4179324,36.778261
"1209",-122.6727305,45.6272259
"1210",-93.0899578,44.9537029
"1211",-106.4850217,31.7618778
"1212",-96.5149979,32.7138476
"1213",-95.712891,37.09024
"1214",-93.6249593,41.5868353
"1215",-93.6249593,41.5868353
"1216",-85.6023643,44.3148443
"1217",-80.9450759,35.0073697
"1218",-119.4179324,36.778261
"1219",-80.4549026,38.5976262
"1220",-122.4194155,37.7749295
"1221",-75.1652215,39.9525839
"1222",-86.902298,32.3182314
"1223",-86.902298,32.3182314
"1224",-86.902298,32.3182314
"1225",-86.902298,32.3182314
"1226",-86.902298,32.3182314
"1227",-86.902298,32.3182314
"1228",-86.902298,32.3182314
"1229",-86.902298,32.3182314
"1230",-86.902298,32.3182314
"1231",-81.2811801,28.2489016
"1232",-81.2811801,28.2489016
"1233",-73.9879117,40.6954761
"1234",-97.092877,35.0077519
"1235",-105.937799,35.6869752
"1236",-113.9940314,46.8721284
"1237",-122.6269768,47.5650067
"1238",-84.1446376,34.0028786
"1239",-119.7871247,36.7377981
"1240",-115.1398296,36.1699412
"1241",-77.297508,18.109581
"1242",-120.5542012,43.8041334
"1243",-120.5542012,43.8041334
"1244",-117.0841955,32.6400541
"1245",-118.2380432,33.9386361
"1246",-93.2197005,45.3292832
"1247",-74.0059728,40.7127753
"1248",-79.7624177,43.7315479
"1249",-85.6023643,44.3148443
"1250",-86.7816016,36.1626638
"1251",-100.4370375,31.4637723
"1252",-112.4685025,34.5400242
"1253",-99.9018131,31.9685988
"1254",-114.7420408,44.0682019
"1255",-71.0588801,42.3600825
"1256",NA,NA
"1257",-74.0059728,40.7127753
"1258",-95.3698028,29.7604267
"1259",-74.0059728,40.7127753
"1260",-84.2700179,37.8393332
"1261",NA,NA
"1262",-84.2700179,37.8393332
"1263",-114.0708459,51.0486151
"1264",-114.0708459,51.0486151
"1265",-114.0708459,51.0486151
"1266",-73.9441579,40.6781784
"1267",-119.8138027,39.5296329
"1268",-119.4179324,36.778261
"1269",-95.712891,37.09024
"1270",-84.5499327,33.952602
"1271",-85.8316318,33.6598257
"1272",-85.8316318,33.6598257
"1273",-95.712891,37.09024
"1274",-95.712891,37.09024
"1275",-119.4179324,36.778261
"1276",-73.9441579,40.6781784
"1277",-121.4016021,36.8524545
"1278",-94.6554874,31.6035129
"1279",-95.712891,37.09024
"1280",-95.6143316,37.039147
"1281",-95.6143316,37.039147
"1282",-95.6143316,37.039147
"1283",-95.6143316,37.039147
"1284",-95.6143316,37.039147
"1285",-95.6143316,37.039147
"1286",-95.6143316,37.039147
"1287",-95.7243335,37.2321077
"1288",-122.7140548,38.440429
"1289",-93.2173758,30.2265949
"1290",-93.2173758,30.2265949
"1291",-82.907123,40.4172871
"1292",-82.907123,40.4172871
"1293",-82.907123,40.4172871
"1294",-81.6943605,41.49932
"1295",-81.6943605,41.49932
"1296",-81.6943605,41.49932
"1297",-88.9548001,39.8403147
"1298",-95.3698028,29.7604267
"1299",-75.9179738,42.0986867
"1300",-82.9000751,32.1656221
"1301",-88.0834059,42.0333607
"1302",-88.0834059,42.0333607
"1303",-116.6873596,43.6629384
"1304",-87.1111676,37.7719074
"1305",-77.0368707,38.9071923
"1306",-116.419389,34.9592083
"1307",-74.0059728,40.7127753
"1308",-80.8431267,35.2270869
"1309",-80.8431267,35.2270869
"1310",-82.907123,40.4172871
"1311",-96.7898034,46.8771863
"1312",-119.4960106,49.8879519
"1313",-96.8743083,32.7203477
"1314",-95.712891,37.09024
"1315",-117.2712717,32.8328112
"1316",-97.330053,37.6871761
"1317",-76.2858726,36.8507689
"1318",-119.4179324,36.778261
"1319",-75.1652215,39.9525839
"1320",-79.3831843,43.653226
"1321",-119.4179324,36.778261
"1322",-106.346771,56.130366
"1323",-121.8995741,37.4323341
"1324",-121.8995741,37.4323341
"1325",-120.5542012,43.8041334
"1326",-87.6297982,41.8781136
"1327",-122.3320708,47.6062095
"1328",-97.7430608,30.267153
"1329",-117.8311428,33.7174708
"1330",-87.6297982,41.8781136
"1331",-118.5021527,34.2793576
"1332",-75.1652215,39.9525839
"1333",-73.963421,40.677064
"1334",-75.3201878,39.9306677
"1335",-116.419389,38.8026097
"1336",-116.419389,38.8026097
"1337",-116.419389,38.8026097
"1338",-95.712891,37.09024
"1339",-76.9066399,38.8962231
"1340",-117.9242123,33.8703645
"1341",-81.5157535,27.6648274
"1342",-71.0897674,41.900101
"1343",-118.2436849,34.0522342
"1344",-118.2436849,34.0522342
"1345",-118.2436849,34.0522342
"1346",-118.2436849,34.0522342
"1347",-118.2436849,34.0522342
"1348",-80.752608,32.216316
"1349",-114.0708459,51.0486151
"1350",-118.2436849,34.0522342
"1351",-88.0132958,44.5133188
"1352",-121.7405167,38.5449065
"1353",-104.8319195,39.7294319
"1354",-104.8319195,39.7294319
"1355",-96.7969879,32.7766642
"1356",-93.2922989,37.2089572
"1357",-104.990251,39.7392358
"1358",-96.3344068,30.627977
"1359",-71.3824374,42.4072107
"1360",-88.49765,17.189877
"1361",-88.49765,17.189877
"1362",-77.9962512,38.4729632
"1363",-99.9018131,31.9685988
"1364",-79.3831843,43.653226
"1365",-111.0937311,34.0489281
"1366",-82.7195451,28.2716755
"1367",-75.6054882,39.9606643
"1368",-91.9623327,30.9842977
"1369",-74.0059728,40.7127753
"1370",-84.3879824,33.7489954
"1371",-82.5307575,43.268082
"1372",-90.2417434,29.9940924
"1373",-97.0793675,36.6763758
"1374",-95.0950571,36.8747886
"1375",-122.3151314,47.8209301
"1376",-73.9441579,40.6781784
"1377",-95.712891,37.09024
"1378",-119.4179324,36.778261
"1379",-119.4179324,36.778261
"1380",-82.4571776,27.950575
"1381",-99.9018131,43.9695148
"1382",-76.9105483,38.6265124
"1383",-106.346771,56.130366
"1384",-81.5157535,27.6648274
"1385",-81.3792365,28.5383355
"1386",-70.162651,18.735693
"1387",-105.2705456,40.0149856
"1388",-105.2705456,40.0149856
"1389",-119.4179324,36.778261
"1390",-81.091203,32.0808989
"1391",-81.091203,32.0808989
"1392",-81.091203,32.0808989
"1393",-81.091203,32.0808989
"1394",-81.091203,32.0808989
"1395",NA,NA
"1396",-122.4194155,37.7749295
"1397",-119.4179324,36.778261
"1398",-87.6297982,41.8781136
"1399",-76.6412712,39.0457549
"1400",-95.3698028,29.7604267
"1401",-74.0059728,40.7127753
"1402",-77.0368707,38.9071923
"1403",-77.0368707,38.9071923
"1404",-115.5707694,51.1783629
"1405",-118.2436849,34.0522342
"1406",-71.6117158,44.3723077
"1407",-85.3799577,38.7358933
"1408",-75.1652215,39.9525839
"1409",-79.7625625,34.1954331
"1410",-82.9000751,32.1656221
"1411",-79.3831843,43.653226
"1412",-76.6121893,39.2903848
"1413",-113.8112386,52.2681118
"1414",-113.8112386,52.2681118
"1415",-113.8112386,52.2681118
"1416",-113.8112386,52.2681118
"1417",-113.8112386,52.2681118
"1418",-113.8112386,52.2681118
"1419",-113.8112386,52.2681118
"1420",-113.8112386,52.2681118
"1421",-113.8112386,52.2681118
"1422",-113.8112386,52.2681118
"1423",-113.8112386,52.2681118
"1424",-113.8112386,52.2681118
"1425",-113.8112386,52.2681118
"1426",-114.0708459,51.0486151
"1427",-78.8697548,38.435092
"1428",-99.9018131,31.9685988
"1429",NA,NA
"1430",-77.1945247,41.2033216
"1431",-118.3406288,33.8358492
"1432",-118.3406288,33.8358492
"1433",-91.9623327,30.9842977
"1434",-95.7425056,41.0469437
"1435",-117.867653,33.7454725
"1436",-77.0368707,38.9071923
"1437",-73.567256,45.5016889
"1438",-98.8138762,53.7608608
"1439",-83.9207392,35.9606384
"1440",-95.6143316,37.039147
"1441",-73.9441579,40.6781784
"1442",-117.1610838,32.715738
"1443",-106.346771,56.130366
"1444",-106.346771,56.130366
"1445",-95.712891,37.09024
"1446",-123.0350963,44.9428975
"1447",-123.0350963,44.9428975
"1448",-123.0350963,44.9428975
"1449",-123.0350963,44.9428975
"1450",-123.0350963,44.9428975
"1451",-123.0350963,44.9428975
"1452",-123.0350963,44.9428975
"1453",-123.0350963,44.9428975
"1454",-95.712891,37.09024
"1455",-95.712891,37.09024
"1456",-71.0588801,42.3600825
"1457",-97.6114237,38.8402805
"1458",-99.9018131,31.9685988
"1459",-77.0368707,38.9071923
"1460",-77.0368707,38.9071923
"1461",-121.9499568,37.2871651
"1462",-95.7150582,37.0901287
"1463",-118.2436849,34.0522342
"1464",-87.6297982,41.8781136
"1465",-117.8265049,33.6845673
"1466",-81.3792365,28.5383355
"1467",-90.1994042,38.6270025
"1468",-119.4179324,36.778261
"1469",-88.0398912,30.6953657
"1470",-118.2436849,34.0522342
"1471",-82.2181098,29.8604666
"1472",-95.712891,37.09024
"1473",-79.3370188,43.8561002
"1474",-76.4859544,44.2311717
"1475",-95.712891,37.09024
"1476",-87.6297982,41.8781136
"1477",-87.6297982,41.8781136
"1478",-88.7878678,43.7844397
"1479",-88.7878678,43.7844397
"1480",-118.2200712,33.8958492
"1481",-94.1632404,45.5579451
"1482",-81.3792365,28.5383355
"1483",-99.9018131,31.9685988
"1484",-99.9018131,31.9685988
"1485",-99.9018131,31.9685988
"1486",-117.3958797,34.07029
"1487",-117.3958797,34.07029
"1488",-79.3831843,43.653226
"1489",-74.0059728,40.7127753
"1490",-79.0192997,35.7595731
"1491",-104.3272043,40.634449
"1492",-104.3272043,40.634449
"1493",-104.3272043,40.634449
"1494",-71.0588801,42.3600825
"1495",-71.0588801,42.3600825
"1496",-79.3831843,43.653226
"1497",-95.084261,30.0260425
"1498",-71.5884095,43.7320175
"1499",-81.5157535,27.6648274
"1500",-122.1560768,37.7249296
"1501",-119.4179324,36.778261
"1502",-116.6873596,43.6629384
"1503",-73.9441579,40.6781784
"1504",-80.6070237,34.2465393
"1505",-95.712891,37.09024
"1506",-122.3706837,48.2410895
"1507",-90.1887379,41.8444735
"1508",-90.1887379,41.8444735
"1509",-77.1945247,41.2033216
"1510",-77.1945247,41.2033216
"1511",-110.9747108,32.2226066
"1512",-87.4052865,37.9444882
"1513",-74.0059728,40.7127753
"1514",-82.4138539,28.0587031
"1515",-80.2133808,26.1403635
"1516",-80.2133808,26.1403635
"1517",-95.3698028,29.7604267
"1518",21.824312,39.074208
"1519",-118.3525748,33.9164032
"1520",-73.087749,41.6032207
"1521",-90.0489801,35.1495343
"1522",-80.1917902,25.7616798
"1523",-120.7401385,47.7510741
"1524",-76.0488458,43.0481962
"1525",-85.323214,51.253775
"1526",-85.323214,51.253775
"1527",-77.1945247,41.2033216
"1528",-77.1945247,41.2033216
"1529",-77.1945247,41.2033216
"1530",-101.2004153,45.7502748
"1531",-123.8157218,46.9753708
"1532",-79.3831843,43.653226
"1533",-121.8863286,37.3382082
"1534",-73.9612887,41.9209018
"1535",-119.4179324,36.778261
"1536",-83.7430378,42.2808256
"1537",-95.9345034,41.2565369
"1538",-94.6858998,46.729553
"1539",-94.6858998,46.729553
"1540",-94.6858998,46.729553
"1541",-94.6858998,46.729553
"1542",-94.6858998,46.729553
"1543",-122.3320708,47.6062095
"1544",-94.6267873,39.1155314
"1545",-94.6267873,39.1155314
"1546",-122.3320708,47.6062095
"1547",-106.346771,56.130366
"1548",-70.2962408,41.6687897
"1549",-79.7624177,43.7315479
"1550",-79.9558968,39.629526
"1551",-95.712891,37.09024
"1552",-85.323214,51.253775
"1553",-118.4911912,34.0194543
"1554",-77.1963703,38.8303905
"1555",-97.1080656,32.735687
"1556",-95.7243335,37.2321077
"1557",-81.3792365,28.5383355
"1558",-95.712891,37.09024
"1559",-75.692427,38.2028993
"1560",-98.3856069,33.1612263
"1561",-81.091203,32.0808989
"1562",-82.9000751,32.1656221
"1563",-77.4605399,38.3031837
"1564",-79.9958864,40.4406248
"1565",-79.9958864,40.4406248
"1566",-106.346771,56.130366
"1567",-95.712891,37.09024
"1568",-117.1817377,46.7297771
"1569",NA,NA
"1570",-98.4936282,29.4241219
"1571",-77.1945247,41.2033216
"1572",-96.7969879,32.7766642
"1573",-96.7969879,32.7766642
"1574",-96.7969879,32.7766642
"1575",-96.7969879,32.7766642
"1576",-74.0059728,40.7127753
"1577",-80.6495194,41.0997803
"1578",-73.567256,45.5016889
"1579",-79.3831843,43.653226
"1580",-122.9888319,38.5779555
"1581",-122.9888319,38.5779555
"1582",-122.9888319,38.5779555
"1583",-122.9888319,38.5779555
"1584",-77.1945247,41.2033216
"1585",-102.7896242,46.8791756
"1586",-75.1652215,39.9525839
"1587",-89.2903392,31.3271189
"1588",-81.5157535,27.6648274
"1589",-95.3698028,29.7604267
"1590",-104.990251,39.7392358
"1591",-118.2436849,34.0522342
"1592",-77.0368707,38.9071923
"1593",-74.0059728,40.7127753
"1594",-96.8236116,33.1506744
"1595",-97.7430608,30.267153
"1596",-77.0368707,38.9071923
"1597",-86.471469,32.7010141
"1598",-117.7608744,33.5575886
"1599",-120.7401385,47.7510741
"1600",-120.7401385,47.7510741
"1601",-120.7401385,47.7510741
"1602",-87.6297982,41.8781136
"1603",-87.6297982,41.8781136
"1604",-87.6297982,41.8781136
"1605",-87.6297982,41.8781136
"1606",-87.6297982,41.8781136
"1607",-87.6297982,41.8781136
"1608",-87.6297982,41.8781136
"1609",-87.6297982,41.8781136
"1610",-87.6297982,41.8781136
"1611",-87.6297982,41.8781136
"1612",-87.6297982,41.8781136
"1613",-87.6297982,41.8781136
"1614",-87.6297982,41.8781136
"1615",-119.4179324,36.778261
"1616",-119.4179324,36.778261
"1617",-78.8783689,42.8864468
"1618",-74.4056612,40.0583238
"1619",-122.4194155,37.7749295
"1620",-79.7919754,36.0726354
"1621",-90.0715323,29.9510658
"1622",-73.9441579,40.6781784
"1623",-76.5710753,39.1073317
"1624",-83.6516063,42.46059
"1625",-83.6516063,42.46059
"1626",-77.4299939,43.2122851
"1627",-96.7298519,32.9483335
"1628",-7.6920536,53.1423672
"1629",-81.3792365,28.5383355
"1630",-93.2650108,44.977753
"1631",-74.35682,41.3317606
"1632",-81.8723084,26.640628
"1633",-77.0368707,38.9071923
"1634",-104.8213634,38.8338816
"1635",-83.5378674,41.6528052
"1636",-74.0059728,40.7127753
"1637",NA,NA
"1638",-118.2436849,34.0522342
"1639",-73.087749,41.6032207
"1640",-122.2609558,47.4739884
"1641",-87.0140057,33.345078
"1642",-79.3831843,43.653226
"1643",-79.3831843,43.653226
"1644",-86.1108377,41.7533819
"1645",-95.8324997,37.529724
"1646",-99.9018131,31.9685988
"1647",-99.9018131,31.9685988
"1648",-99.9018131,31.9685988
"1649",-80.2706044,26.271192
"1650",-80.2706044,26.271192
"1651",-80.2706044,26.271192
"1652",-119.4179324,36.778261
"1653",-119.4179324,36.778261
"1654",-85.323214,51.253775
"1655",-104.990251,39.7392358
"1656",-81.5157535,27.6648274
"1657",-98.4842465,39.011902
"1658",-73.9441579,40.6781784
"1659",-95.8654953,36.0854766
"1660",-99.9500904,49.848471
"1661",-100.4370375,31.4637723
"1662",-95.712891,37.09024
"1663",-95.712891,37.09024
"1664",-74.0059728,40.7127753
"1665",-102.552784,23.634501
"1666",NA,NA
"1667",-117.1817377,46.7297771
"1668",-83.4162755,34.7820378
"1669",-122.1560768,37.7249296
"1670",-122.1560768,37.7249296
"1671",-122.1560768,37.7249296
"1672",-91.6409721,35.769799
"1673",-93.2650108,44.977753
"1674",-95.3698028,29.7604267
"1675",-75.1652215,39.9525839
"1676",NA,NA
"1677",-95.712891,37.09024
"1678",-95.712891,37.09024
"1679",-119.4179324,36.778261
"1680",-95.3698028,29.7604267
"1681",-95.3698028,29.7604267
"1682",-95.3698028,29.7604267
"1683",-94.5785667,39.0997265
"1684",-95.3698028,29.7604267
"1685",-87.9064736,43.0389025
"1686",-79.0192997,35.7595731
"1687",-75.1652215,39.9525839
"1688",-75.1652215,39.9525839
"1689",-121.2907796,37.9577016
"1690",-121.2907796,37.9577016
"1691",-74.0992212,40.337737
"1692",-85.1393513,41.079273
"1693",-79.7624177,43.7315479
"1694",-79.7624177,43.7315479
"1695",-79.7624177,43.7315479
"1696",-79.7624177,43.7315479
"1697",-79.7624177,43.7315479
"1698",-79.7624177,43.7315479
"1699",-106.346771,56.130366
"1700",-117.1610838,32.715738
"1701",-82.8373654,34.6834382
"1702",-93.2982799,44.840798
"1703",-87.6297982,41.8781136
"1704",-71.0588801,42.3600825
"1705",-87.71453,43.7508284
"1706",-82.4571776,27.950575
"1707",-83.7430378,42.2808256
"1708",-95.712891,37.09024
"1709",-77.0368707,38.9071923
"1710",-83.2218731,42.4733688
"1711",-115.1398296,36.1699412
"1712",-115.1398296,36.1699412
"1713",-115.1398296,36.1699412
"1714",-115.1398296,36.1699412
"1715",-115.1398296,36.1699412
"1716",-115.1398296,36.1699412
"1717",-73.087749,41.6032207
"1718",-87.9064736,43.0389025
"1719",-87.9064736,43.0389025
"1720",-87.9064736,43.0389025
"1721",-85.1733479,34.2532247
"1722",-97.7430608,30.267153
"1723",-106.346771,56.130366
"1724",-106.346771,56.130366
"1725",-106.346771,56.130366
"1726",-106.346771,56.130366
"1727",-106.346771,56.130366
"1728",-75.6971931,45.4215296
"1729",-95.6143316,37.039147
"1730",-81.5157535,27.6648274
"1731",-80.1917902,25.7616798
"1732",-84.3879824,33.7489954
"1733",-112.0740373,33.4483771
"1734",-73.567256,45.5016889
"1735",-7.6920536,53.1423672
"1736",-95.3698028,29.7604267
"1737",-93.6249593,41.5868353
"1738",-84.3879824,33.7489954
"1739",-73.087749,41.6032207
"1740",-95.9345034,41.2565369
"1741",-87.554115,33.208916
"1742",-3.74922,40.463667
"1743",-118.032844,33.9791793
"1744",-75.1652215,39.9525839
"1745",-101.7068294,19.5665192
"1746",-119.4179324,36.778261
"1747",-122.3789554,37.6213129
"1748",-95.4190397,29.7289296
"1749",-96.7969879,32.7766642
"1750",-87.7092908,41.9230598
"1751",-95.712891,37.09024
"1752",-74.0323626,40.7439905
"1753",-74.0323626,40.7439905
"1754",-74.0323626,40.7439905
"1755",-74.0323626,40.7439905
"1756",-74.0323626,40.7439905
"1757",NA,NA
"1758",-71.0588801,42.3600825
"1759",-74.0059728,40.7127753
"1760",-95.712891,37.09024
"1761",-73.8507279,40.6794072
"1762",-73.8507279,40.6794072
"1763",-73.8507279,40.6794072
"1764",-73.8507279,40.6794072
"1765",-73.8507279,40.6794072
"1766",-73.8507279,40.6794072
"1767",-73.8507279,40.6794072
"1768",-97.3625172,32.5790251
"1769",-119.7871247,36.7377981
"1770",-94.6554874,31.6035129
"1771",-89.4012302,43.0730517
"1772",-7.6920536,53.1423672
"1773",-89.3985283,32.3546679
"1774",-89.3985283,32.3546679
"1775",-106.2074793,31.6926121
"1776",-122.3371809,48.4370202
"1777",-87.71453,43.7508284
"1778",-97.7430608,30.267153
"1779",-87.896646,42.9475534
"1780",-77.297508,18.109581
"1781",-74.0059728,40.7127753
"1782",-74.0059728,40.7127753
"1783",-85.323214,51.253775
"1784",-74.0059728,40.7127753
"1785",-71.0588801,42.3600825
"1786",-82.907123,40.4172871
"1787",-81.3792365,28.5383355
"1788",-70.8226541,43.9653889
"1789",-81.1637245,33.836081
"1790",-119.8276389,34.4358294
"1791",-70.8226541,43.9653889
"1792",-97.7430608,30.267153
"1793",-119.4179324,36.778261
"1794",-79.3831843,43.653226
"1795",-106.650422,35.0843859
"1796",-94.6267873,39.1155314
"1797",-111.8568586,31.8500823
"1798",-69.4454689,45.253783
"1799",-106.346771,56.130366
"1800",-84.2700179,37.8393332
"1801",-75.6971931,45.4215296
"1802",-75.6971931,45.4215296
"1803",-75.6971931,45.4215296
"1804",-75.6971931,45.4215296
"1805",-75.6971931,45.4215296
"1806",-75.6971931,45.4215296
"1807",-75.6971931,45.4215296
"1808",-112.0740373,33.4483771
"1809",-97.7380227,30.3249672
"1810",-79.0192997,35.7595731
"1811",-84.3879824,33.7489954
"1812",-84.3879824,33.7489954
"1813",-84.3879824,33.7489954
"1814",-84.3879824,33.7489954
"1815",-84.3879824,33.7489954
"1816",-84.3879824,33.7489954
"1817",8.468946,60.472024
"1818",-76.6412712,39.0457549
"1819",-84.2984889,30.4418778
"1820",-76.6121893,39.2903848
"1821",-95.3698028,29.7604267
"1822",-68.7614246,44.7967378
"1823",-97.1330683,33.2148412
"1824",-78.9006484,44.5337469
"1825",-78.9006484,44.5337469
"1826",-74.0059728,40.7127753
"1827",-74.0059728,40.7127753
"1828",-74.0059728,40.7127753
"1829",-74.0059728,40.7127753
"1830",-74.0059728,40.7127753
"1831",-74.0059728,40.7127753
"1832",-74.0059728,40.7127753
"1833",-74.0059728,40.7127753
"1834",-74.0059728,40.7127753
"1835",-79.4402808,43.8828401
"1836",-97.7277959,31.1171194
"1837",-122.2913078,37.8271784
"1838",18.643501,60.128161
"1839",-80.8543847,44.3716712
"1840",-118.2436849,34.0522342
"1841",-118.2436849,34.0522342
"1842",-116.419389,38.8026097
"1843",-116.419389,38.8026097
"1844",-109.5498395,38.5733155
"1845",-74.0059728,40.7127753
"1846",-106.346771,56.130366
"1847",-106.346771,56.130366
"1848",-106.346771,56.130366
"1849",-86.8752869,40.4167022
"1850",-77.0368707,38.9071923
"1851",-106.346771,56.130366
"1852",-87.6297982,41.8781136
"1853",-89.3985283,40.6331249
"1854",-75.6971931,45.4215296
"1855",-75.6971931,45.4215296
"1856",-73.9485424,40.744679
"1857",-74.0059728,40.7127753
"1858",-86.158068,39.768403
"1859",-84.3844304,33.7123595
"1860",-116.419389,34.9592083
"1861",-86.902298,32.3182314
"1862",NA,NA
"1863",-74.0059728,40.7127753
"1864",-77.0368707,38.9071923
"1865",-92.2670941,34.769536
"1866",-92.2670941,34.769536
"1867",NA,NA
"1868",-79.6441198,43.5890452
"1869",-88.7503647,41.9294736
"1870",-122.3916754,40.5865396
"1871",-117.1610838,32.715738
"1872",-75.5779807,39.0084463
"1873",-79.9958864,40.4406248
"1874",-89.3985283,32.3546679
"1875",-73.9712488,40.7830603
"1876",-73.9712488,40.7830603
"1877",-73.9712488,40.7830603
"1878",-97.4974838,25.9017472
"1879",-81.378447,40.7989473
"1880",-79.3831843,43.653226
"1881",-95.3698028,29.7604267
"1882",-116.5452921,33.8302961
"1883",-84.1916069,39.7589478
"1884",NA,NA
"1885",-122.3320708,47.6062095
"1886",-73.9441579,40.6781784
"1887",-112.0740373,33.4483771
"1888",-81.2078699,29.5844524
"1889",-81.2078699,29.5844524
"1890",-97.8772267,29.9891052
"1891",-83.0457538,42.331427
"1892",-80.4549026,38.5976262
"1893",-84.4277001,33.6407282
"1894",-89.0939952,42.2711311
"1895",8.227512,46.818188
"1896",8.227512,46.818188
"1897",8.227512,46.818188
"1898",8.227512,46.818188
"1899",8.227512,46.818188
"1900",-94.6043207,47.3793942
"1901",-93.2650108,44.977753
"1902",-91.9623327,30.9842977
"1903",-76.1783739,40.0466571
"1904",NA,NA
"1905",-111.0937311,34.0489281
"1906",-73.9712488,40.7830603
"1907",-82.8001026,27.9658533
"1908",-115.1398296,36.1699412
"1909",-82.4571776,27.950575
"1910",-82.7192671,28.2441768
"1911",-98.4936282,29.4241219
"1912",-88.7878678,43.7844397
"1913",-97.3307658,32.7554883
"1914",-99.9018131,31.9685988
"1915",-74.0059728,40.7127753
"1916",-95.7243335,37.2321077
"1917",-80.8431267,35.2270869
"1918",-95.712891,37.09024
"1919",-77.0368707,38.9071923
"1920",-93.2650108,44.977753
"1921",-80.8431267,35.2270869
"1922",-90.0489801,35.1495343
"1923",-76.4307964,40.0392642
"1924",-74.0190281,40.9350986
"1925",-86.158068,39.768403
"1926",-111.0937311,39.3209801
"1927",-115.1745559,36.1023715
"1928",-87.6297982,41.8781136
"1929",-81.5157535,27.6648274
"1930",4.469936,50.503887
"1931",4.469936,50.503887
"1932",4.469936,50.503887
"1933",4.469936,50.503887
"1934",4.469936,50.503887
"1935",4.469936,50.503887
"1936",4.469936,50.503887
"1937",4.469936,50.503887
"1938",-77.0368707,38.9071923
"1939",34.851612,31.046051
"1940",-82.9987942,39.9611755
"1941",-4.2026458,56.4906712
"1942",-75.977985,36.8529263
"1943",-104.990251,39.7392358
"1944",-79.3831843,43.653226
"1945",-95.712891,37.09024
"1946",-95.712891,37.09024
"1947",-75.1652215,39.9525839
"1948",-74.0059728,40.7127753
"1949",-78.8783689,42.8864468
"1950",25.7481511,61.92411
"1951",-82.907123,40.4172871
"1952",-83.0363633,42.3149367
"1953",-87.5691735,33.2098407
"1954",-79.8671319,43.2579685
"1955",-79.8671319,43.2579685
"1956",-79.8671319,43.2579685
"1957",-79.8671319,43.2579685
"1958",-79.8671319,43.2579685
"1959",-79.8671319,43.2579685
"1960",-79.8671319,43.2579685
"1961",-79.8671319,43.2579685
"1962",-95.6715121,37.0457815
"1963",-76.6412712,39.0457549
"1964",-99.7331439,32.4487364
"1965",-74.0059728,40.7127753
"1966",-95.712891,37.09024
"1967",-76.6412712,39.0457549
"1968",-87.6297982,41.8781136
"1969",-74.4056612,40.0583238
"1970",-86.1349019,40.2671941
"1971",-86.1349019,40.2671941
"1972",-75.1652215,39.9525839
"1973",-81.3792365,28.5383355
"1974",-97.7430608,30.267153
"1975",-71.0588801,42.3600825
"1976",-71.0588801,42.3600825
"1977",-71.0588801,42.3600825
"1978",-71.0588801,42.3600825
"1979",-75.1652215,39.9525839
"1980",-81.3392352,28.5999998
"1981",-75.1652215,39.9525839
"1982",-81.7831674,32.4487876
"1983",-81.5157535,27.6648274
"1984",-74.0059728,40.7127753
"1985",-73.9612887,41.9209018
"1986",-105.2705456,40.0149856
"1987",-90.0715323,29.9510658
"1988",-120.7401385,47.7510741
"1989",-95.3698028,29.7604267
"1990",-81.3964734,30.311908
"1991",-77.0368707,38.9071923
"1992",-90.3959543,38.2206101
"1993",-80.4549026,38.5976262
"1994",-79.0192997,35.7595731
"1995",-78.7811169,35.79154
"1996",-72.5778415,44.5588028
"1997",-81.655651,30.3321838
"1998",-81.655651,30.3321838
"1999",-83.357567,33.9519347
"2000",-83.357567,33.9519347
"2001",-97.6663529,30.1974711
"2002",-74.0059728,40.7127753
"2003",-73.9695832,41.5048158
"2004",-94.6190471,39.0445181
"2005",-81.0228331,29.2108147
"2006",-84.5037164,38.0405837
"2007",-81.5157535,27.6648274
"2008",-81.5157535,27.6648274
"2009",-74.0059728,40.7127753
"2010",-93.2650108,44.977753
"2011",-74.4056612,40.0583238
"2012",-74.0059728,40.7127753
"2013",-95.5970031,36.2897377
"2014",-121.2907796,37.9577016
"2015",-83.3977101,41.9164343
"2016",-83.3977101,41.9164343
"2017",-106.346771,56.130366
"2018",-98.4842465,39.011902
"2019",-76.7944104,40.862585
"2020",-76.7944104,40.862585
"2021",-76.7944104,40.862585
"2022",-76.7944104,40.862585
"2023",-76.7944104,40.862585
"2024",-76.7944104,40.862585
"2025",-76.7944104,40.862585
"2026",-76.7944104,40.862585
"2027",-76.7944104,40.862585
"2028",-76.7944104,40.862585
"2029",-76.7944104,40.862585
"2030",-76.7944104,40.862585
"2031",-76.7944104,40.862585
"2032",-76.7944104,40.862585
"2033",-76.7944104,40.862585
"2034",-76.7944104,40.862585
"2035",-76.7944104,40.862585
"2036",-76.7944104,40.862585
"2037",-76.7944104,40.862585
"2038",-76.7944104,40.862585
"2039",-76.7944104,40.862585
"2040",-76.7944104,40.862585
"2041",-76.7944104,40.862585
"2042",-95.712891,37.09024
"2043",-78.870036,42.9658907
"2044",-74.171811,40.9167654
"2045",-122.3320708,47.6062095
"2046",-76.6121893,39.2903848
"2047",-71.3824374,42.4072107
"2048",-86.1349019,40.2671941
"2049",-96.6705503,33.1031744
"2050",-96.6705503,33.1031744
"2051",-96.6705503,33.1031744
"2052",-96.6705503,33.1031744
"2053",-96.6705503,33.1031744
"2054",-96.6705503,33.1031744
"2055",-96.6705503,33.1031744
"2056",-96.6705503,33.1031744
"2057",-104.990251,39.7392358
"2058",-106.1480842,37.5791696
"2059",-74.4056612,40.0583238
"2060",-77.1945247,41.2033216
"2061",-82.9376919,41.5119954
"2062",-82.9376919,41.5119954
"2063",-78.8783689,42.8864468
"2064",-72.5778415,44.5588028
"2065",-85.7399606,37.5739497
"2066",-89.3985283,32.3546679
"2067",-83.985,42.43472
"2068",-111.0937311,34.0489281
"2069",-82.9000751,32.1656221
"2070",-82.9000751,32.1656221
"2071",-82.9000751,32.1656221
"2072",-85.323214,51.253775
"2073",-79.3831843,43.653226
"2074",22.430264,37.074461
"2075",-77.8868117,34.2103894
"2076",-71.3824374,42.4072107
"2077",-71.0661193,42.3643579
"2078",-120.5542012,43.8041334
"2079",-78.6568942,37.4315734
"2080",-122.2011075,40.1998777
"2081",-80.085059,42.1292241
"2082",-86.37416,39.6128243
"2083",-95.712891,37.09024
"2084",-84.3879824,33.7489954
"2085",-95.712891,37.09024
"2086",-84.3879824,33.7489954
"2087",-78.8783689,42.8864468
"2088",-119.4179324,36.778261
"2089",-119.4179324,36.778261
"2090",-119.4179324,36.778261
"2091",-82.6032119,38.1142544
"2092",-82.6032119,38.1142544
"2093",-82.6032119,38.1142544
"2094",-82.6032119,38.1142544
"2095",-82.6032119,38.1142544
"2096",-82.6032119,38.1142544
"2097",-82.6032119,38.1142544
"2098",-71.3824374,42.4072107
"2099",-74.4056612,40.0583238
"2100",NA,NA
"2101",-75.6971931,45.4215296
"2102",-77.1945247,41.2033216
"2103",-74.1502007,40.5795317
"2104",-88.7878678,43.7844397
"2105",-88.7878678,43.7844397
"2106",-88.7878678,43.7844397
"2107",-106.346771,56.130366
"2108",-73.8095574,40.9595605
"2109",-80.4089389,37.1298517
"2110",-74.3127631,40.6278031
"2111",-73.087749,41.6032207
"2112",-73.087749,41.6032207
"2113",-73.087749,41.6032207
"2114",-82.907123,40.4172871
"2115",-74.0059728,40.7127753
"2116",-106.4850217,31.7618778
"2117",-95.712891,37.09024
"2118",-122.2711137,37.8043637
"2119",-73.9441579,40.6781784
"2120",-79.3831843,43.653226
"2121",-118.2436849,34.0522342
"2122",-72.9278835,41.308274
"2123",-90.0715323,29.9510658
"2124",-82.907123,40.4172871
"2125",-82.907123,40.4172871
"2126",-82.907123,40.4172871
"2127",-85.6023643,44.3148443
"2128",-119.7018926,34.4056104
"2129",-119.7018926,34.4056104
"2130",-119.7018926,34.4056104
"2131",-119.7018926,34.4056104
"2132",-119.7018926,34.4056104
"2133",-106.346771,56.130366
"2134",-106.346771,56.130366
"2135",-106.346771,56.130366
"2136",-107.9928455,36.8222261
"2137",-95.7243335,37.2321077
"2138",-79.3831843,43.653226
"2139",-83.7430378,42.2808256
"2140",-96.3977442,30.1668828
"2141",-3.8080783,53.0711149
"2142",-81.5190053,41.0814447
"2143",-81.5190053,41.0814447
"2144",-81.5190053,41.0814447
"2145",-81.5157535,27.6648274
"2146",-89.1523353,45.140245
"2147",-85.6023643,44.3148443
"2148",-85.6023643,44.3148443
"2149",-94.6858998,46.729553
"2150",-117.2296717,33.9424658
"2151",-83.7382241,42.2780436
"2152",-80.8150871,40.0272946
"2153",-80.8150871,40.0272946
"2154",-94.5330096,38.8858407
"2155",-74.2846022,40.5575986
"2156",22.3585552,40.0884128
"2157",-114.1980661,53.70175
"2158",-98.1633432,26.3017374
"2159",-97.6222665,30.4548451
"2160",-73.087749,41.6032207
"2161",-122.2913078,37.8271784
"2162",-92.6637865,37.6805967
"2163",-82.5773193,28.0105745
"2164",-78.778523,35.738268
"2165",-121.3716178,38.4087993
"2166",-121.3716178,38.4087993
"2167",-99.9018131,31.9685988
"2168",-90.1506465,38.624514
"2169",-90.1506465,38.624514
"2170",-95.9345034,41.2565369
"2171",-114.7420408,44.0682019
"2172",-78.6568942,37.4315734
"2173",-115.1398296,36.1699412
"2174",-77.5202647,40.0506453
"2175",-120.5542012,43.8041334
"2176",133.775136,-25.274398
"2177",NA,NA
"2178",-96.7969879,32.7766642
"2179",-96.7969879,32.7766642
"2180",-96.7969879,32.7766642
"2181",-117.086421,33.1192068
"2182",-85.6591442,40.5583739
"2183",-71.8022934,42.2625932
"2184",-111.8412502,33.3061605
"2185",-79.3831843,43.653226
"2186",-79.3831843,43.653226
"2187",-79.3831843,43.653226
"2188",-98.4864829,45.4646985
"2189",-98.4864829,45.4646985
"2190",-99.9018131,31.9685988
"2191",0.4690888,51.7343313
"2192",-117.1610838,32.715738
"2193",-118.2436849,34.0522342
"2194",-90.1994042,38.6270025
"2195",-80.1917902,25.7616798
"2196",-118.2436849,34.0522342
"2197",-122.3320708,47.6062095
"2198",-95.712891,37.09024
"2199",-97.330053,37.6871761
"2200",35.862285,33.854721
