"","long","lat"
"1",-85.7052474,33.15264646
"2",-122.578892,45.483159
"3",-122.689842,45.611527
"4",-122.692775,45.522102
"5",-122.616054,45.500774
"6",-122.677407,45.518392
"7",-122.685897,45.536583
"8",-122.622249,45.496984
"9",-122.747925,45.588801
"10",-122.604866,45.562705
"11",-122.554816,45.522449
"12",-122.594892,45.504263
"13",-122.589292,45.47061
"14",-122.618068,45.486983
"15",-122.641647,45.523097
"16",-122.520601,45.524129
"17",-122.613176,45.516946
"18",-122.745808,45.594952
"19",-122.640271,45.527798
"20",-122.666106,45.573163
"21",-122.61319,45.566185
"22",-122.706326,45.592707
"23",-122.681687,45.467259
"24",-122.673263,45.524229
"25",-122.562,45.488972
"26",-122.558162,45.573063
"27",-122.706072,45.558849
"28",-122.742451,45.589819
"29",-122.559568,45.482571
"30",-122.511326,45.522434
"31",-122.676653,45.515116
"32",-122.4902,45.515326
"33",-122.64075,45.502103
"34",-122.642447,45.503108
"35",-122.548966,45.53316
"36",-122.733254,45.502435
"37",-122.619785,45.535289
"38",-122.570206,45.466901
"39",-122.730232,45.438018
"40",-122.690285,45.539303
"41",-122.66101,45.561851
"42",-87.63588487,41.87876823
"43",-82.293251,27.9344444
"44",-98.87194444,30.27416667
"45",-115.17144575,36.11621692
"46",-94.58514,39.04638
"47",-97.1303711,31.5506001
"48",-83.4153,41.1592
"49",-104.9229658,37.8326651
"50",-118.35412645,34.13831062
"51",-77.4564,37.5811
"52",-88.1136,43.0605
"53",-88.24908159,40.10076904
"54",-88.267448,30.6635326
"55",-82.4576,28.22654
"56",-73.98661,40.76344
"57",-117.24743233,32.74163935
"58",-73.94111111,40.68333333
"59",-92.26794,34.75754
"60",-122.871515,45.539184
"61",-96.7977,32.7774
"62",-80.16747,42.0925299
"63",-122.14231582,47.7051528
"64",-97.74031859,30.27942737
"65",-86.3384,41.9472
"66",-111.07427917,45.67070719
"67",-75.32121306,40.02314028
"68",-87.6156015,41.89388471
"69",-121.4947,38.577
"70",-94.22072,36.38591
"71",-77.03660488,38.89684467
"72",-76.6117,40.1472
"73",-78.8494,42.9047
"74",-87.64,41.95
"75",-80.3740858,25.7982546
"76",-80.3741728,25.7982604
"77",-80.3740858,25.7982546
"78",-110.8850949,32.2107257
"79",-73.6421,41.1939
"80",-75.31297894,40.08613028
"81",-75.0668523,39.92469992
"82",-104.8579,39.3724
"83",-95.567,30.1738
"84",-79.0556,35.913
"85",-76.6512,40.2784
"86",-93.3625,43.1444
"87",-73.97673575,40.68461674
"88",-76.39,36.87
"89",-73.9675,40.7779
"90",-73.9675,40.7779
"91",-78.79837,42.24916
"92",-118.243,34.0522
"93",-105.111,39.82
"94",-93.4461,38.31
"95",-96.78450464,33.08012017
"96",-96.7302371,43.5473579
"97",-97.0984,35.4122
"98",-74.0483,40.1949
"99",-112.356,33.6381
"100",-111.19399611,45.78020574
"101",-75.1448,39.998
"102",-74.151,40.7916
"103",-73.94516,40.80869
"104",-119.992,46.9467
"105",-112.0777,33.4482
"106",-74.07148649,41.49979552
"107",-90.6215,38.796
"108",-77.04757,38.80501
"109",-118.255928,34.0485611
"110",-117.2319379,32.8657387
"111",-82.36722,34.84635
"112",-84.51222525,39.10260613
"113",-98.2267771,32.2071527
"114",-81.6166,34.2777
"115",-96.7977,32.7774
"116",-95.02076,29.40252
"117",-95.02076,29.40252
"118",-77.0915,38.86218
"119",-73.38418,43.02814
"120",-82.5452,28.1883
"121",-81.8094,26.4322
"122",-76.88746222,42.40752309
"123",-84.4399406,39.0217283
"124",-87.62535092,41.91409114
"125",-96.7683309,32.849801
"126",-79.17584338,40.61310269
"127",-118.243,34.0522
"128",-96.9319154,33.3413944
"129",-117.12971121,32.72900527
"130",-96.7459,33.0504
"131",-77.4607,38.3032
"132",-78.8748,42.8958
"133",-75.6624122,41.408969
"134",-118.243,34.0522
"135",-114.4602,42.5701
"136",-80.88254124,34.11097196
"137",-81.58120953,28.41886964
"138",-104.9836,39.7391
"139",-80.1998659,25.7726578
"140",-87.73070887,43.771698
"141",-93.47,44.58722222
"142",-79.9459924,32.8013133
"143",-90.0543,29.9165
"144",-117.41666667,33.33333333
"145",-73.991568,40.739382
"146",-118.18573358,33.78966838
"147",-72.2633145,44.60651574
"148",-96.46863,32.09696
"149",-82.14702289,28.01569476
"150",-79.76272382,32.87911119
"151",-77.582,39.7537
"152",-93.29574038,37.20775768
"153",-80.0762,42.1145
"154",-78.51043146,35.95055388
"155",-104.82791,38.83288
"156",-122.70771564,45.27950629
"157",-78.8494,42.9047
"158",-77.86700548,38.10553841
"159",-97.08148241,36.70247255
"160",-73.32601,40.69574
"161",-72.65124,41.56349
"162",-71.06491221,42.35437217
"163",-96.75798,35.98481
"164",-81.30775452,28.43035481
"165",-97.7232639,30.3975113
"166",-96.8200116,33.09828502
"167",-95.14474456,43.1270585
"168",-122.6989,45.53018
"169",-111.98019862,40.78553754
"170",-122.495121,45.51256
"171",-122.578892,45.483159
"172",-122.640271,45.527798
"173",-122.66101,45.561851
"174",-122.622249,45.496984
"175",-122.692775,45.522102
"176",-122.651079,45.495421
"177",-122.619785,45.535289
"178",-122.61319,45.566185
"179",-122.681687,45.467259
"180",-122.673263,45.524229
"181",-122.520601,45.524129
"182",-122.64075,45.502103
"183",-122.742451,45.589819
"184",-122.677407,45.518392
"185",-122.641647,45.523097
"186",-122.716695,45.484568
"187",-122.523275,45.556241
"188",-122.570206,45.466901
"189",-122.548966,45.53316
"190",-122.642447,45.503108
"191",-122.730232,45.438018
"192",-122.554816,45.522449
"193",-122.558162,45.573063
"194",-122.559568,45.482571
"195",-122.690285,45.539303
"196",-122.492876,45.500717
"197",-122.513773,45.498437
"198",-122.604866,45.562705
"199",-122.594892,45.504263
"200",-122.644922,45.504596
"201",-122.750843,45.601985
"202",-122.674195,45.549796
"203",-122.4902,45.515326
"204",-122.613176,45.516946
"205",-122.747925,45.588801
"206",-122.705829,45.588354
"207",-122.581453,45.544023
"208",-122.685897,45.536583
"209",-80.20659041,25.75610846
"210",-122.34505567,47.70637431
"211",-80.0762,42.1145
"212",-80.0762,42.1145
"213",-80.0762,42.1145
"214",-80.0762,42.1145
"215",-73.9448166,40.7155609
"216",-111.789,34.8599
"217",-85.64103652,38.09947972
"218",-104.9432,39.9126
"219",-108.507636,45.782429
"220",-122.862,42.332
"221",-122.862,42.332
"222",-75.2972,39.8883
"223",-96.75798,35.98481
"224",-74.046402,41.8894691
"225",-84.0883,39.6376
"226",-83.07743996,42.32945828
"227",-122.40294686,37.71235651
"228",-122.18635,47.61606
"229",-73.73569,40.94889
"230",-98.5,29.4167
"231",-118.27582489,34.08840016
"232",-71.7779,42.2689
"233",-72.7,41.6
"234",-74.06896,40.71547
"235",-78.93822536,37.91618231
"236",-73.0369,41.5583
"237",-79.06433,43.10664
"238",-76.88746222,42.40752309
"239",-97.1932,33.0005
"240",-85.66509541,30.18758221
"241",-81.30775452,28.43035481
"242",-85.7052474,33.15264646
"243",-87.63588487,41.87876823
"244",-82.293251,27.9344444
"245",-98.87194444,30.27416667
"246",-115.17144575,36.11621692
"247",-94.58514,39.04638
"248",-97.1303711,31.5506001
"249",-83.4153,41.1592
"250",-104.9229658,37.8326651
"251",-118.35412645,34.13831062
"252",-77.4564,37.5811
"253",-88.1136,43.0605
"254",-88.24908159,40.10076904
"255",-88.267448,30.6635326
"256",-82.4576,28.22654
"257",-73.98661,40.76344
"258",-117.24743233,32.74163935
"259",-73.94111111,40.68333333
"260",-92.26794,34.75754
"261",-122.871515,45.539184
"262",-96.7977,32.7774
"263",-80.16747,42.0925299
"264",-122.14231582,47.7051528
"265",-97.74031859,30.27942737
"266",-86.3384,41.9472
"267",-111.07427917,45.67070719
"268",-75.32121306,40.02314028
"269",-87.6156015,41.89388471
"270",-121.4947,38.577
"271",-94.22072,36.38591
"272",-77.03660488,38.89684467
"273",-76.6117,40.1472
"274",-78.8494,42.9047
"275",-87.64,41.95
"276",-80.3741728,25.7982604
"277",-80.3740858,25.7982546
"278",-80.3740858,25.7982546
"279",-110.8850949,32.2107257
"280",-73.6421,41.1939
"281",-75.31297894,40.08613028
"282",-75.0668523,39.92469992
"283",-104.8579,39.3724
"284",-95.567,30.1738
"285",-79.0556,35.913
"286",-76.6512,40.2784
"287",-93.3625,43.1444
"288",-73.97673575,40.68461674
"289",-76.39,36.87
"290",-73.9675,40.7779
"291",-78.79837,42.24916
"292",-118.243,34.0522
"293",-105.111,39.82
"294",-93.4461,38.31
"295",-96.78450464,33.08012017
"296",-96.7302371,43.5473579
"297",-97.0984,35.4122
"298",-74.0483,40.1949
"299",-112.356,33.6381
"300",-111.19399611,45.78020574
"301",-75.1448,39.998
"302",-74.151,40.7916
"303",-73.94516,40.80869
"304",-119.992,46.9467
"305",-112.0777,33.4482
"306",-74.07148649,41.49979552
"307",-90.6215,38.796
"308",-77.04757,38.80501
"309",-118.255928,34.0485611
"310",-117.2319379,32.8657387
"311",-82.36722,34.84635
"312",-84.51222525,39.10260613
"313",-98.2267771,32.2071527
"314",-81.6166,34.2777
"315",-96.7977,32.7774
"316",-95.02076,29.40252
"317",-95.02076,29.40252
"318",-77.0915,38.86218
"319",-73.38418,43.02814
"320",-82.5452,28.1883
"321",-81.8094,26.4322
"322",-84.4399406,39.0217283
"323",-87.62535092,41.91409114
"324",-96.7683309,32.849801
"325",-79.17584338,40.61310269
"326",-118.243,34.0522
"327",-96.9319154,33.3413944
"328",-117.12971121,32.72900527
"329",-96.7459,33.0504
"330",-77.4607,38.3032
"331",-78.8748,42.8958
"332",-75.6624122,41.408969
"333",-118.243,34.0522
"334",-114.4602,42.5701
"335",-80.88254124,34.11097196
"336",-81.58120953,28.41886964
"337",-104.9836,39.7391
"338",-80.1998659,25.7726578
"339",-87.73070887,43.771698
"340",-122.589292,45.47061
"341",-122.5372,45.536086
"342",-122.562,45.488972
"343",-122.677407,45.518392
"344",-122.705829,45.588354
"345",-122.745808,45.594952
"346",-122.548966,45.53316
"347",-122.618068,45.486983
"348",-122.676653,45.515116
"349",-122.742451,45.589819
"350",-122.706072,45.558849
"351",-122.716695,45.484568
"352",-122.730232,45.438018
"353",-122.641647,45.523097
"354",-122.537237,45.551679
"355",-122.563748,45.501775
"356",-122.750843,45.601985
"357",-122.578892,45.483159
"358",-122.613176,45.516946
"359",-122.642447,45.503108
"360",-122.619785,45.535289
"361",-122.689842,45.611527
"362",-122.666106,45.573163
"363",-122.692775,45.522102
"364",-122.653506,45.532582
"365",-122.64075,45.502103
"366",-122.523275,45.556241
"367",-122.644922,45.504596
"368",-122.640271,45.527798
"369",-122.616054,45.500774
"370",-122.673263,45.524229
"371",-122.706326,45.592707
"372",-122.581453,45.544023
"373",-122.659449,45.512722
"374",-122.511326,45.522434
"375",-122.495121,45.51256
"376",-122.61319,45.566185
"377",-122.733254,45.502435
"378",-122.559568,45.482571
"379",-122.690285,45.539303
"380",-122.747925,45.588801
"381",-122.622249,45.496984
"382",-122.570206,45.466901
"383",-122.520601,45.524129
"384",-122.604866,45.562705
"385",-122.4902,45.515326
"386",-122.674195,45.549796
"387",-122.513773,45.498437
"388",-122.558162,45.573063
"389",-122.554816,45.522449
"390",-122.681687,45.467259
"391",-122.492876,45.500717
"392",-122.651079,45.495421
"393",-122.685897,45.536583
"394",-122.594892,45.504263
"395",-122.66101,45.561851
"396",-122.686987,45.523225
"397",-93.47,44.58722222
"398",-79.9459924,32.8013133
"399",-90.0543,29.9165
"400",-117.41666667,33.33333333
"401",-73.991568,40.739382
"402",-118.18573358,33.78966838
"403",-72.2633145,44.60651574
"404",-96.46863,32.09696
"405",-82.14702289,28.01569476
"406",-79.76272382,32.87911119
"407",-77.582,39.7537
"408",-93.29574038,37.20775768
"409",-80.0762,42.1145
"410",-80.0762,42.1145
"411",-80.0762,42.1145
"412",-80.0762,42.1145
"413",-80.0762,42.1145
"414",-78.51043146,35.95055388
"415",-104.82791,38.83288
"416",-122.70771564,45.27950629
"417",-78.8494,42.9047
"418",-77.86700548,38.10553841
"419",-97.08148241,36.70247255
"420",-73.32601,40.69574
"421",-72.65124,41.56349
"422",-73.9675,40.7779
"423",-73.9675,40.7779
"424",-71.06491221,42.35437217
"425",-96.75798,35.98481
"426",-96.75798,35.98481
"427",-97.7232639,30.3975113
"428",-96.8200116,33.09828502
"429",-95.14474456,43.1270585
"430",-122.6989,45.53018
"431",-111.98019862,40.78553754
"432",-80.20659041,25.75610846
"433",-122.34505567,47.70637431
"434",-73.9448166,40.7155609
"435",-111.789,34.8599
"436",-85.64103652,38.09947972
"437",-104.9432,39.9126
"438",-108.507636,45.782429
"439",-122.862,42.332
"440",-122.862,42.332
"441",-75.2972,39.8883
"442",-93.20944444,37.02722222
"443",-76.7466965,39.3154411
"444",-73.0369,41.5583
"445",-79.06433,43.10664
"446",-76.88746222,42.40752309
"447",-97.1932,33.0005
"448",-85.66509541,30.18758221
"449",-81.30775452,28.43035481
"450",-85.7052474,33.15264646
"451",-87.63588487,41.87876823
"452",-82.293251,27.9344444
"453",-98.87194444,30.27416667
"454",-115.17144575,36.11621692
"455",-94.58514,39.04638
"456",-97.1303711,31.5506001
"457",-83.4153,41.1592
"458",-104.9229658,37.8326651
"459",-118.35412645,34.13831062
"460",-77.4564,37.5811
"461",-88.1136,43.0605
"462",-88.24908159,40.10076904
"463",-88.267448,30.6635326
"464",-82.4576,28.22654
"465",-73.98661,40.76344
"466",-117.24743233,32.74163935
"467",-73.94111111,40.68333333
"468",-92.26794,34.75754
"469",-122.871515,45.539184
"470",-96.7977,32.7774
"471",-80.16747,42.0925299
"472",-122.14231582,47.7051528
"473",-97.74031859,30.27942737
"474",-86.3384,41.9472
"475",-111.07427917,45.67070719
"476",-75.32121306,40.02314028
"477",-87.6156015,41.89388471
"478",-121.4947,38.577
"479",-94.22072,36.38591
"480",-77.03660488,38.89684467
"481",-76.6117,40.1472
"482",-78.8494,42.9047
"483",-87.64,41.95
"484",-80.3741728,25.7982604
"485",-80.3740858,25.7982546
"486",-80.3740858,25.7982546
"487",-110.8850949,32.2107257
"488",-73.6421,41.1939
"489",-75.31297894,40.08613028
"490",-75.0668523,39.92469992
"491",-104.8579,39.3724
"492",-95.567,30.1738
"493",-79.0556,35.913
"494",-76.6512,40.2784
"495",-93.3625,43.1444
"496",-73.97673575,40.68461674
"497",-76.39,36.87
"498",-78.79837,42.24916
"499",-118.243,34.0522
"500",-105.111,39.82
"501",-93.4461,38.31
"502",-96.78450464,33.08012017
"503",-96.7302371,43.5473579
"504",-97.0984,35.4122
"505",-74.0483,40.1949
"506",-112.356,33.6381
"507",-111.19399611,45.78020574
"508",-75.1448,39.998
"509",-74.151,40.7916
"510",-73.94516,40.80869
"511",-119.992,46.9467
"512",-112.0777,33.4482
"513",-74.07148649,41.49979552
"514",-90.6215,38.796
"515",-77.04757,38.80501
"516",-118.255928,34.0485611
"517",-117.2319379,32.8657387
"518",-82.36722,34.84635
"519",-84.51222525,39.10260613
"520",-98.2267771,32.2071527
"521",-81.6166,34.2777
"522",-96.7977,32.7774
"523",-95.02076,29.40252
"524",-95.02076,29.40252
"525",-77.0915,38.86218
"526",-73.38418,43.02814
"527",-82.5452,28.1883
"528",-81.8094,26.4322
"529",-84.4399406,39.0217283
"530",-87.62535092,41.91409114
"531",-96.7683309,32.849801
"532",-79.17584338,40.61310269
"533",-118.243,34.0522
"534",-96.9319154,33.3413944
"535",-117.12971121,32.72900527
"536",-96.7459,33.0504
"537",-77.4607,38.3032
"538",-78.8748,42.8958
"539",-75.6624122,41.408969
"540",-118.243,34.0522
"541",-74.046402,41.8894691
"542",-84.0883,39.6376
"543",-83.07743996,42.32945828
"544",-122.4190191,37.7485909
"545",-122.40294686,37.71235651
"546",-122.18635,47.61606
"547",-73.73569,40.94889
"548",-98.5,29.4167
"549",-118.27582489,34.08840016
"550",-71.7779,42.2689
"551",-72.7,41.6
"552",-74.06896,40.71547
"553",-78.93822536,37.91618231
"554",-97.63866105,30.13451963
"555",-84.87454,35.16095
"556",-94.5889,39.0061
"557",-106.824,39.1923
"558",-84.4217365,38.9973418
"559",-81.61790702,30.27334607
"560",-88.3157,36.6095
"561",-81.95134,28.074186
"562",-75.87012222,42.94662194
"563",-96.7977,32.7774
"564",-73.972216,40.77274259
"565",-122.549587,45.53316
"566",-77.9121,34.2232
"567",-94.69146,39.24416
"568",-95.54584566,29.8860378
"569",-89.39603,43.07552
"570",-75.5516,39.7486
"571",-112.26599475,33.50762895
"572",-83.05223627,42.33748951
"573",-97.38831,32.70884
"574",-75.2437977,39.87458299
"575",-76.32138629,38.99002934
"576",-82.7372,42.6857
"577",-76.888268,40.268145
"578",-86.5597,41.9416
"579",-76.0668,38.76421
"580",-74.0064,40.7142
"581",-97.70056224,30.21595455
"582",-82.48077,27.94454
"583",-122.651079,45.495421
"584",-122.657589,45.568126
"585",-122.742451,45.589819
"586",-122.559703,45.527393
"587",-122.685897,45.536583
"588",-122.681687,45.467259
"589",-122.4902,45.515326
"590",-122.61319,45.566185
"591",-122.641647,45.523097
"592",-122.548966,45.53316
"593",-122.692775,45.522102
"594",-122.64075,45.502103
"595",-122.619785,45.535289
"596",-122.594892,45.504263
"597",-122.747925,45.588801
"598",-122.640271,45.527798
"599",-122.558162,45.573063
"600",-122.578892,45.483159
"601",-122.730232,45.438018
"602",-122.677107,45.525333
"603",-122.622249,45.496984
"604",-122.733254,45.502435
"605",-122.677407,45.518392
"606",-122.529491,45.476506
"607",-122.66101,45.561851
"608",-122.559568,45.482571
"609",-122.554816,45.522449
"610",-122.520601,45.524129
"611",-122.642447,45.503108
"612",-122.510599,45.504222
"613",-122.690285,45.539303
"614",-122.653506,45.532582
"615",-122.683275,45.525159
"616",-122.604866,45.562705
"617",-122.686987,45.523225
"618",-122.673263,45.524229
"619",-122.69733,45.53349
"620",-122.613176,45.516946
"621",-122.4902,45.515326
"622",-122.628209,45.512882
"623",-122.570206,45.466901
"624",-105.1425949,39.7578902
"625",-118.15007,34.14731
"626",-117.14183664,32.7548942
"627",-116.96237221,33.9704876
"628",-74.03316296,40.71475295
"629",-114.848,47.1641
"630",-97.34022106,37.68475271
"631",-94.21698777,36.37492249
"632",-95.3694,29.7602
"633",-101.72863045,34.18712097
"634",-122.678249,45.518237
"635",-82.93154,40.12577
"636",-83.74967436,42.28041891
"637",-86.6722,36.06
"638",-91.0561,41.424
"639",-96.78039959,32.79477411
"640",-77.09698,38.99119
"641",-118.49227,34.01158
"642",-71.1036606,42.3883514
"643",-92.07217182,32.52912449
"644",-75.58024548,39.96027451
"645",-97.762286,30.25632
"646",-77.55939115,37.53972102
"647",-76.61743,39.31892
"648",-93.4055,44.9267
"649",-86.78388889,36.165
"650",-81.45034,41.6429
"651",-73.38418,43.02814
"652",-73.38418,43.02814
"653",-98.49422,29.42913
"654",-79.17909,37.35028
"655",-80.24675,25.75045
"656",-73.9862681,40.755599
"657",-81.37597954,40.802618
"658",-75.66507,41.41117
"659",-74.00485466,40.71939502
"660",-84.5897496,33.6693568
"661",-96.6767,40.8115
"662",-96.6767,40.8115
"663",-122.31416667,47.60166667
"664",-121.283,38.5987
"665",-83.1506,42.5046
"666",-83.047908,42.330806
"667",-81.52111111,41.09305556
"668",-95.34774,29.9872
"669",-97.56318569,35.54718978
"670",-93.2689285,44.9757004
"671",-95.52101,29.78945
"672",-90.25503,38.72325
"673",-117.85047054,33.77907599
"674",-118.506,34.4166
"675",-94.14461459,36.18173218
"676",-93.7361,41.6364
"677",-95.63740954,36.27718639
"678",-70.45191945,41.73769145
"679",-100.77934,46.80536
"680",-96.70331676,33.06323426
"681",-117.24743233,32.74163935
"682",-81.55650496,28.33774294
"683",-93.20944444,37.02722222
"684",-76.7466965,39.3154411
"685",-73.0369,41.5583
"686",-79.06433,43.10664
"687",-76.88746222,42.40752309
"688",-97.1932,33.0005
"689",-85.66509541,30.18758221
"690",-81.30775452,28.43035481
"691",-85.7052474,33.15264646
"692",-87.63588487,41.87876823
"693",-82.293251,27.9344444
"694",-98.87194444,30.27416667
"695",-115.17144575,36.11621692
"696",-94.58514,39.04638
"697",-97.1303711,31.5506001
"698",-83.4153,41.1592
"699",-104.9229658,37.8326651
"700",-118.35412645,34.13831062
"701",-77.4564,37.5811
"702",-88.1136,43.0605
"703",-88.24908159,40.10076904
"704",-88.267448,30.6635326
"705",-82.4576,28.22654
"706",-73.98661,40.76344
"707",-73.94111111,40.68333333
"708",-92.26794,34.75754
"709",-122.871515,45.539184
"710",-96.7977,32.7774
"711",-80.16747,42.0925299
"712",-122.14231582,47.7051528
"713",-97.74031859,30.27942737
"714",-86.3384,41.9472
"715",-111.07427917,45.67070719
"716",-75.32121306,40.02314028
"717",-87.6156015,41.89388471
"718",-121.4947,38.577
"719",-94.22072,36.38591
"720",-77.03660488,38.89684467
"721",-76.6117,40.1472
"722",-78.8494,42.9047
"723",-87.64,41.95
"724",-80.3740858,25.7982546
"725",-80.3741728,25.7982604
"726",-80.3740858,25.7982546
"727",-110.8850949,32.2107257
"728",-73.6421,41.1939
"729",-75.31297894,40.08613028
"730",-75.0668523,39.92469992
"731",-104.8579,39.3724
"732",-95.567,30.1738
"733",-79.0556,35.913
"734",-76.6512,40.2784
"735",-93.3625,43.1444
"736",-73.97673575,40.68461674
"737",-76.39,36.87
"738",-73.9675,40.7779
"739",-78.79837,42.24916
"740",-118.243,34.0522
"741",-105.111,39.82
"742",-93.4461,38.31
"743",-96.78450464,33.08012017
"744",-96.7302371,43.5473579
"745",-97.0984,35.4122
"746",-74.0483,40.1949
"747",-112.356,33.6381
"748",-111.19399611,45.78020574
"749",-75.1448,39.998
"750",-74.151,40.7916
"751",-73.94516,40.80869
"752",-119.992,46.9467
"753",-112.0777,33.4482
"754",-74.07148649,41.49979552
"755",-90.6215,38.796
"756",-77.04757,38.80501
"757",-118.255928,34.0485611
"758",-117.2319379,32.8657387
"759",-82.36722,34.84635
"760",-84.51222525,39.10260613
"761",-98.2267771,32.2071527
"762",-81.6166,34.2777
"763",-96.7977,32.7774
"764",-95.02076,29.40252
"765",-95.02076,29.40252
"766",-77.0915,38.86218
"767",-82.5452,28.1883
"768",-81.8094,26.4322
"769",-84.4399406,39.0217283
"770",-87.62535092,41.91409114
"771",-96.7683309,32.849801
"772",-79.17584338,40.61310269
"773",-118.243,34.0522
"774",-96.9319154,33.3413944
"775",-117.12971121,32.72900527
"776",-96.7459,33.0504
"777",-77.4607,38.3032
"778",-78.8748,42.8958
"779",-75.6624122,41.408969
"780",-118.243,34.0522
"781",-114.4602,42.5701
"782",-80.88254124,34.11097196
"783",-81.58120953,28.41886964
"784",-104.9836,39.7391
"785",-80.1998659,25.7726578
"786",-87.73070887,43.771698
"787",-93.47,44.58722222
"788",-79.9459924,32.8013133
"789",-90.0543,29.9165
"790",-117.41666667,33.33333333
"791",-73.991568,40.739382
"792",-118.18573358,33.78966838
"793",-72.2633145,44.60651574
"794",-96.46863,32.09696
"795",-82.14702289,28.01569476
"796",-79.76272382,32.87911119
"797",-122.581453,45.544023
"798",-122.520601,45.524129
"799",-122.594892,45.504263
"800",-122.618068,45.486983
"801",-122.628209,45.512882
"802",-122.602477,45.554521
"803",-122.705829,45.588354
"804",-122.562,45.488972
"805",-122.676653,45.515116
"806",-122.639633,45.474308
"807",-122.613176,45.516946
"808",-122.642447,45.503108
"809",-122.677407,45.518392
"810",-122.616054,45.500774
"811",-122.558162,45.573063
"812",-122.686987,45.523225
"813",-122.641647,45.523097
"814",-122.685897,45.536583
"815",-122.683275,45.525159
"816",-122.706326,45.592707
"817",-122.554816,45.522449
"818",-122.730232,45.438018
"819",-122.523275,45.556241
"820",-122.677741,45.522128
"821",-122.651079,45.495421
"822",-122.569738,45.505023
"823",-122.495121,45.51256
"824",-122.66101,45.561851
"825",-122.692775,45.522102
"826",-122.589292,45.47061
"827",-122.742451,45.589819
"828",-122.712022,45.457711
"829",-122.604866,45.562705
"830",-122.511326,45.522434
"831",-122.61319,45.566185
"832",-122.747925,45.588801
"833",-122.64075,45.502103
"834",-122.570206,45.466901
"835",-122.619785,45.535289
"836",-122.529435,45.493278
"837",-122.622249,45.496984
"838",-122.745808,45.594952
"839",-122.559568,45.482571
"840",-122.653506,45.532582
"841",-122.548966,45.53316
"842",-122.640271,45.527798
"843",-122.733254,45.502435
"844",-122.578892,45.483159
"845",-122.646972,45.546859
"846",-122.690285,45.539303
"847",-122.4902,45.515326
"848",-122.689842,45.611527
"849",-122.673263,45.524229
"850",-122.666106,45.573163
"851",-122.681687,45.467259
"852",-122.716695,45.484568
"853",-122.706072,45.558849
"854",-77.582,39.7537
"855",-93.29574038,37.20775768
"856",-80.0762,42.1145
"857",-80.0762,42.1145
"858",-78.51043146,35.95055388
"859",-104.82791,38.83288
"860",-122.70771564,45.27950629
"861",-78.8494,42.9047
"862",-77.86700548,38.10553841
"863",-97.08148241,36.70247255
"864",-73.32601,40.69574
"865",-72.65124,41.56349
"866",-73.9675,40.7779
"867",-73.9675,40.7779
"868",-71.06491221,42.35437217
"869",-96.75798,35.98481
"870",-97.7232639,30.3975113
"871",-96.8200116,33.09828502
"872",-95.14474456,43.1270585
"873",-122.6989,45.53018
"874",-111.98019862,40.78553754
"875",-80.20659041,25.75610846
"876",-122.34505567,47.70637431
"877",-73.9448166,40.7155609
"878",-111.789,34.8599
"879",-85.64103652,38.09947972
"880",-104.9432,39.9126
"881",-108.507636,45.782429
"882",-122.862,42.332
"883",-96.7977,32.7774
"884",-122.667,45.5511
"885",-93.27161812,44.97461446
"886",-84.50704783,33.72270667
"887",-77.46555556,37.5525
"888",-94.2073424,45.5535649
"889",-97.3332,32.7574
"890",-96.80262,32.820264
"891",-122.13722798,47.64426275
"892",-97.72656834,30.27942439
"893",-96.70331676,33.06323426
"894",-117.24743233,32.74163935
"895",-81.55650496,28.33774294
"896",-93.20944444,37.02722222
"897",-76.7466965,39.3154411
"898",-73.0369,41.5583
"899",-79.06433,43.10664
"900",-76.88746222,42.40752309
"901",-97.1932,33.0005
"902",-85.66509541,30.18758221
"903",-81.30775452,28.43035481
"904",-85.7052474,33.15264646
"905",-87.63588487,41.87876823
"906",-82.293251,27.9344444
"907",-98.87194444,30.27416667
"908",-115.17144575,36.11621692
"909",-94.58514,39.04638
"910",-97.1303711,31.5506001
"911",-83.4153,41.1592
"912",-104.9229658,37.8326651
"913",-118.35412645,34.13831062
"914",-77.4564,37.5811
"915",-88.1136,43.0605
"916",-88.24908159,40.10076904
"917",-88.267448,30.6635326
"918",-82.4576,28.22654
"919",-73.98661,40.76344
"920",-73.94111111,40.68333333
"921",-92.26794,34.75754
"922",-122.871515,45.539184
"923",-92.84258017,45.37765459
"924",-96.7977,32.7774
"925",-80.16747,42.0925299
"926",-122.14231582,47.7051528
"927",-97.74031859,30.27942737
"928",-86.3384,41.9472
"929",-111.07427917,45.67070719
"930",-75.32121306,40.02314028
"931",-87.6156015,41.89388471
"932",-121.4947,38.577
"933",-94.22072,36.38591
"934",-77.03660488,38.89684467
"935",-76.6117,40.1472
"936",-78.8494,42.9047
"937",-87.64,41.95
"938",-80.3740858,25.7982546
"939",-80.3741728,25.7982604
"940",-80.3740858,25.7982546
"941",-110.8850949,32.2107257
"942",-73.6421,41.1939
"943",-75.31297894,40.08613028
"944",-75.0668523,39.92469992
"945",-104.8579,39.3724
"946",-95.567,30.1738
"947",-79.0556,35.913
"948",-76.6512,40.2784
"949",-93.3625,43.1444
"950",-73.97673575,40.68461674
"951",-76.39,36.87
"952",-78.79837,42.24916
"953",-118.243,34.0522
"954",-105.111,39.82
"955",-93.4461,38.31
"956",-96.78450464,33.08012017
"957",-96.7302371,43.5473579
"958",-97.0984,35.4122
"959",-74.0483,40.1949
"960",-112.356,33.6381
"961",-111.19399611,45.78020574
"962",-75.1448,39.998
"963",-74.151,40.7916
"964",-73.94516,40.80869
"965",-119.992,46.9467
"966",-112.0777,33.4482
"967",-74.07148649,41.49979552
"968",-90.6215,38.796
"969",-77.04757,38.80501
"970",-118.255928,34.0485611
"971",-117.2319379,32.8657387
"972",-82.36722,34.84635
"973",-84.51222525,39.10260613
"974",-98.2267771,32.2071527
"975",-81.6166,34.2777
"976",-96.7977,32.7774
"977",-95.02076,29.40252
"978",-95.02076,29.40252
"979",-77.0915,38.86218
"980",-73.38418,43.02814
"981",-82.5452,28.1883
"982",-81.8094,26.4322
"983",-84.4399406,39.0217283
"984",-87.62535092,41.91409114
"985",-96.7683309,32.849801
"986",-79.17584338,40.61310269
"987",-118.243,34.0522
"988",-96.9319154,33.3413944
"989",-117.12971121,32.72900527
"990",-96.7459,33.0504
"991",-77.4607,38.3032
"992",-78.8748,42.8958
"993",-75.6624122,41.408969
"994",-118.243,34.0522
"995",-114.4602,42.5701
"996",-80.88254124,34.11097196
"997",-81.58120953,28.41886964
"998",-104.9836,39.7391
"999",-80.1998659,25.7726578
"1000",-87.73070887,43.771698
"1001",-93.47,44.58722222
"1002",-79.9459924,32.8013133
"1003",-90.0543,29.9165
"1004",-117.41666667,33.33333333
"1005",-73.991568,40.739382
"1006",-118.18573358,33.78966838
"1007",-72.2633145,44.60651574
"1008",-96.46863,32.09696
"1009",-96.46863,32.09696
"1010",-82.14702289,28.01569476
"1011",-82.14702289,28.01569476
"1012",-82.14702289,28.01569476
"1013",-79.76272382,32.87911119
"1014",-122.706326,45.592707
"1015",-122.495121,45.51256
"1016",-122.579397,45.518915
"1017",-122.563748,45.501775
"1018",-122.645843,45.522687
"1019",-122.664489,45.536231
"1020",-122.689842,45.611527
"1021",-122.510599,45.504222
"1022",-122.705829,45.588354
"1023",-122.583097,45.497006
"1024",-122.676653,45.515116
"1025",-122.578672,45.552427
"1026",-122.523275,45.556241
"1027",-122.681878,45.549321
"1028",-122.647874,45.469998
"1029",-122.666106,45.573163
"1030",-122.640893,45.528146
"1031",-122.659449,45.512722
"1032",-122.556304,45.51287
"1033",-122.582715,45.56895
"1034",-122.684464,45.526332
"1035",-122.492086,45.491444
"1036",-122.750843,45.601985
"1037",-122.613666,45.527297
"1038",-122.519816,45.484303
"1039",-122.616054,45.500774
"1040",-122.706072,45.558849
"1041",-122.581453,45.544023
"1042",-122.521235,45.521229
"1043",-122.649701,45.570971
"1044",-122.716695,45.484568
"1045",-122.492876,45.500717
"1046",-122.572801,45.544368
"1047",-122.595343,45.562495
"1048",-122.589292,45.47061
"1049",-122.529491,45.476506
"1050",-122.649022,45.525813
"1051",-122.587881,45.548208
"1052",-122.661877,45.557845
"1053",-122.674195,45.549796
"1054",-122.562,45.488972
"1055",-122.5372,45.536086
"1056",-122.559703,45.527393
"1057",-122.745808,45.594952
"1058",-122.751285,45.466131
"1059",-122.511326,45.522434
"1060",-122.626028,45.504876
"1061",-122.4902,45.515326
"1062",-122.683956,45.53231
"1063",-122.69733,45.53349
"1064",-122.644922,45.504596
"1065",-122.674804,45.539608
"1066",-122.660865,45.567159
"1067",-122.643146,45.527854
"1068",-122.513773,45.498437
"1069",-122.678595,45.520871
"1070",-122.65494,45.537244
"1071",-122.649627,45.496329
"1072",-122.646945,45.46945
"1073",-122.618068,45.486983
"1074",-122.537237,45.551679
"1075",-122.677107,45.525333
"1076",-122.602776,45.527398
"1077",-122.577199,45.481148
"1078",-122.657589,45.568126
"1079",-122.594638,45.54518
"1080",-122.656685,45.517927
"1081",-122.677114,45.593002
"1082",-122.659036,45.515213
"1083",-122.746566,45.586564
"1084",-77.582,39.7537
"1085",-93.29574038,37.20775768
"1086",-80.0762,42.1145
"1087",-80.0762,42.1145
"1088",-80.0762,42.1145
"1089",-80.0762,42.1145
"1090",-80.0762,42.1145
"1091",-78.51043146,35.95055388
"1092",-104.82791,38.83288
"1093",-122.70771564,45.27950629
"1094",-78.8494,42.9047
"1095",-77.86700548,38.10553841
"1096",-97.08148241,36.70247255
"1097",-73.32601,40.69574
"1098",-72.65124,41.56349
"1099",-73.9675,40.7779
"1100",-71.06491221,42.35437217
"1101",-96.75798,35.98481
"1102",-96.75798,35.98481
"1103",-97.7232639,30.3975113
"1104",-96.8200116,33.09828502
"1105",-95.14474456,43.1270585
"1106",-122.6989,45.53018
"1107",-111.98019862,40.78553754
"1108",-80.20659041,25.75610846
"1109",-122.34505567,47.70637431
"1110",-73.9448166,40.7155609
"1111",-111.789,34.8599
"1112",-85.64103652,38.09947972
"1113",-104.9432,39.9126
"1114",-108.507636,45.782429
"1115",-122.862,42.332
"1116",-122.862,42.332
"1117",-75.2972,39.8883
"1118",-74.046402,41.8894691
"1119",-84.0883,39.6376
"1120",-83.07743996,42.32945828
"1121",-122.40294686,37.71235651
"1122",-122.4190191,37.7485909
"1123",-122.40294686,37.71235651
"1124",-122.4190191,37.7485909
"1125",-122.18635,47.61606
"1126",-73.73569,40.94889
"1127",-98.5,29.4167
"1128",-118.27582489,34.08840016
"1129",-71.7779,42.2689
"1130",-72.7,41.6
"1131",-74.06896,40.71547
"1132",-78.93822536,37.91618231
"1133",-97.63866105,30.13451963
"1134",-84.87454,35.16095
"1135",-94.5889,39.0061
"1136",-106.824,39.1923
"1137",-84.4217365,38.9973418
"1138",-81.61790702,30.27334607
"1139",-88.3157,36.6095
"1140",-81.95134,28.074186
"1141",-75.87012222,42.94662194
"1142",-96.7977,32.7774
"1143",-73.972216,40.77274259
"1144",-122.549587,45.53316
"1145",-77.9121,34.2232
"1146",-94.69146,39.24416
"1147",-95.54584566,29.8860378
"1148",-89.39603,43.07552
"1149",-75.5516,39.7486
"1150",-112.26599475,33.50762895
"1151",-83.05223627,42.33748951
"1152",-97.38831,32.70884
"1153",-75.2437977,39.87458299
"1154",-76.32138629,38.99002934
"1155",-82.7372,42.6857
"1156",-76.888268,40.268145
"1157",-86.5597,41.9416
"1158",-76.0668,38.76421
"1159",-74.0064,40.7142
"1160",-97.70056224,30.21595455
"1161",-82.48077,27.94454
"1162",-105.1425949,39.7578902
"1163",-118.15007,34.14731
"1164",-117.14183664,32.7548942
"1165",-116.96237221,33.9704876
"1166",-74.03316296,40.71475295
"1167",-114.848,47.1641
"1168",-97.34022106,37.68475271
"1169",-94.21698777,36.37492249
"1170",-95.3694,29.7602
"1171",-101.72863045,34.18712097
"1172",-122.678249,45.518237
"1173",-82.93154,40.12577
"1174",-83.74967436,42.28041891
"1175",-86.6722,36.06
"1176",-91.0561,41.424
"1177",-96.78039959,32.79477411
"1178",-77.09698,38.99119
"1179",-118.49227,34.01158
"1180",-71.1036606,42.3883514
"1181",-92.07217182,32.52912449
"1182",-75.58024548,39.96027451
"1183",-97.762286,30.25632
"1184",-77.55939115,37.53972102
"1185",-76.61743,39.31892
"1186",-93.4055,44.9267
"1187",-86.78388889,36.165
"1188",-81.45034,41.6429
"1189",-77.06073942,38.940161
"1190",-73.38418,43.02814
"1191",-98.49422,29.42913
"1192",-79.17909,37.35028
"1193",-80.24675,25.75045
"1194",-73.9862681,40.755599
"1195",-81.37597954,40.802618
"1196",-75.66507,41.41117
"1197",-74.00485466,40.71939502
"1198",-84.5897496,33.6693568
"1199",-96.6767,40.8115
"1200",-96.6767,40.8115
"1201",-122.31416667,47.60166667
"1202",-121.283,38.5987
"1203",-83.1506,42.5046
"1204",-83.047908,42.330806
"1205",-81.52111111,41.09305556
"1206",-95.34774,29.9872
"1207",-97.56318569,35.54718978
"1208",-93.2689285,44.9757004
"1209",-95.52101,29.78945
"1210",-90.25503,38.72325
"1211",-117.85047054,33.77907599
"1212",-118.506,34.4166
"1213",-94.14461459,36.18173218
"1214",-93.7361,41.6364
"1215",-95.63740954,36.27718639
"1216",-70.45191945,41.73769145
"1217",-100.77934,46.80536
"1218",-90.35495376,38.81282899
"1219",-110.9708,32.219
"1220",-75.17133373,39.94977021
"1221",-74.0064,40.7142
"1222",-96.7977,32.7774
"1223",-72.60258467,41.71428472
"1224",-75.64393421,35.98539258
"1225",-97.1267,32.5771
"1226",-75.1753,39.9231
"1227",-96.8261,33.1508
"1228",-71.37276741,42.24678836
"1229",-71.37276741,42.24678836
"1230",-73.9874963,40.7026206
"1231",-95.16432416,36.19820668
"1232",-73.98591185,40.7577936
"1233",-80.1710434,25.8808098
"1234",-90.1978,38.6272
"1235",-86.78388889,36.165
"1236",-73.9721358,40.76731968
"1237",-95.364804,29.744606
"1238",-118.238,34.057
"1239",-79.94358004,40.44321118
"1240",-99.42604517,27.53647383
"1241",-118.1938,33.7692
"1242",-74.0064,40.7142
"1243",-73.98959398,40.703253
"1244",-117.3007,34.4267
"1245",-73.1756813,44.46894252
"1246",-97.63866105,30.13451963
"1247",-80.2164,25.7642
"1248",-90.35653,38.59272
"1249",-95.92364868,36.07741388
"1250",-97.09610929,32.77342808
"1251",-87.6137011,41.8403395
"1252",-87.661471,42.012484
"1253",-112.26141038,33.53215049
"1254",-96.99772966,32.83861189
"1255",-71.84190719,43.48484245
"1256",-90.5013,41.5738
"1257",-86.799,33.258998
"1258",-85.7438,34.922288
"1259",-87.94668,30.66073
"1260",-86.321096,32.353504
"1261",-88.091184,30.82725
"1262",-86.331376,32.334648
"1263",-87.970712,30.667546
"1264",-88.127256,30.68345
"1265",-86.861,34.634
"1266",-86.566776,34.630372
"1267",-88.104352,30.80662
"1268",-86.517496,34.700884
"1269",-88.047168,30.670438
"1270",-88.11912,30.642224
"1271",-86.799536,31.416614
"1272",-86.814032,31.420868
"1273",-88.076456,30.846566
"1274",-86.336384,32.320958
"1275",-86.338656,32.296666
"1276",-86.823,33.488998
"1277",-87.531304,33.219264
"1278",-86.517936,34.702156
"1279",-88.044648,30.674182
"1280",-87.888688,30.761922
"1281",-88.14784,30.605656
"1282",-86.861,34.634
"1283",-86.338656,32.296666
"1284",-85.7438,34.922288
"1285",-86.219496,32.362388
"1286",-88.156384,30.590842
"1287",-88.08664,30.832148
"1288",-86.785,33.394002
"1289",-87.720784,33.049218
"1290",-88.14784,30.605656
"1291",-87.982416,30.674894
"1292",-86.666576,31.813372
"1293",-86.785,33.394002
"1294",-87.946592,30.661198
"1295",-86.336384,32.320958
"1296",-87.720784,33.049218
"1297",-87.996128,30.679568
"1298",-87.94668,30.66073
"1299",-88.044648,30.674182
"1300",-88.021,30.691006
"1301",-87.49448,30.580376
"1302",-88.047168,30.670438
"1303",-87.888688,30.761922
"1304",-87.49448,30.580376
"1305",-86.503048,34.68802
"1306",-88.010944,30.68511
"1307",-88.022224,30.691374
"1308",-88.046224,30.671664
"1309",-86.799,33.258998
"1310",-87.865944,30.946348
"1311",-87.531304,33.219264
"1312",-86.517936,34.702156
"1313",-86.666576,31.813372
"1314",-88.091184,30.82725
"1315",-86.515,34.697
"1316",-88.08664,30.832148
"1317",-86.503048,34.68802
"1318",-86.321096,32.353504
"1319",-86.823,33.488998
"1320",-86.566776,34.630372
"1321",-88.127256,30.68345
"1322",-88.021,30.691006
"1323",-86.331376,32.334648
"1324",-88.156384,30.590842
"1325",-88.11912,30.642224
"1326",-86.515,34.697
"1327",-86.517496,34.700884
"1328",-87.970712,30.667546
"1329",-88.046592,30.672374
"1330",-87.962216,30.664912
"1331",-86.814032,31.420868
"1332",-87.982416,30.674894
"1333",-77.46931125,37.5617448
"1334",-78.63608,35.77854
"1335",-120.88985,38.79959
"1336",-96.7841399,32.78433
"1337",-112.0777,33.4482
"1338",-122.37602,47.669343
"1339",-97.09521019,32.65214989
"1340",-75.40757059,40.22605091
"1341",-73.98667574,40.72719982
"1342",-118.378,34.1722
"1343",-73.95789,40.76024
"1344",-82.32697163,29.65056689
"1345",-122.40294686,37.71235651
"1346",-122.40294686,37.71235651
"1347",-98.61903786,29.49601991
"1348",-88.98312984,41.31641255
"1349",-74.25500003,41.13913489
"1350",-97.2673,35.4824
"1351",-96.68233703,33.22099058
"1352",-74.2117,40.766
"1353",-96.75378,32.81004
"1354",-87.6777349,41.9170867
"1355",-76.9670055,38.93085999
"1356",-97.7475,30.2677
"1357",-74.5,40
"1358",-122.17899525,47.60935052
"1359",-74.00554181,40.75120712
"1360",-96.0394,41.1843
"1361",-73.81419594,40.84383268
"1362",-76.16951637,36.87192435
"1363",-76.16951637,36.87192435
"1364",-76.16951637,36.87192435
"1365",-76.16951637,36.87192435
"1366",-76.16951637,36.87192435
"1367",-87.603826,41.820267
"1368",-90.18472222,32.29888889
"1369",-91.29712756,46.10885448
"1370",-77.04282,38.80379
"1371",-87.79752,42.18688
"1372",-82.5,40.5
"1373",-118.243,34.0522
"1374",-122.65494042,45.70496976
"1375",-122.65494042,45.70496976
"1376",-120.14027,39.17159
"1377",-118.243,34.0522
"1378",-75.13425989,39.96553185
"1379",-77.0368707,38.9071923
"1380",-117.19583,33.9113
"1381",-117.2483788,33.9175787
"1382",-82.8148,34.6849
"1383",-117.22381389,33.92691191
"1384",-74.0064,40.7142
"1385",-100.7837392,46.8083268
"1386",-74.7504568,40.2206778
"1387",-112.1837193,33.5398543
"1388",-123.087,44.0519
"1389",-111.85168843,40.76635005
"1390",-90.5013,41.5738
"1391",-87.531304,33.219264
"1392",-88.022224,30.691374
"1393",-86.321096,32.353504
"1394",-86.666576,31.813372
"1395",-86.336384,32.320958
"1396",-88.010944,30.68511
"1397",-86.515,34.697
"1398",-86.566776,34.630372
"1399",-86.331376,32.334648
"1400",-87.970712,30.667546
"1401",-88.11912,30.642224
"1402",-86.517496,34.700884
"1403",-86.517936,34.702156
"1404",-87.49448,30.580376
"1405",-86.338656,32.296666
"1406",-86.331376,32.334648
"1407",-87.982416,30.674894
"1408",-88.08664,30.832148
"1409",-87.970712,30.667546
"1410",-86.321096,32.353504
"1411",-86.336384,32.320958
"1412",-88.156384,30.590842
"1413",-86.566776,34.630372
"1414",-86.666576,31.813372
"1415",-87.865944,30.946348
"1416",-88.046592,30.672374
"1417",-88.127256,30.68345
"1418",-88.091184,30.82725
"1419",-88.076456,30.846566
"1420",-87.888688,30.761922
"1421",-86.785,33.394002
"1422",-88.08664,30.832148
"1423",-88.047168,30.670438
"1424",-86.861,34.634
"1425",-88.11912,30.642224
"1426",-86.503048,34.68802
"1427",-86.814032,31.420868
"1428",-87.946592,30.661198
"1429",-88.091184,30.82725
"1430",-88.021,30.691006
"1431",-86.219496,32.362388
"1432",-86.517936,34.702156
"1433",-86.799536,31.416614
"1434",-88.104352,30.80662
"1435",-87.94668,30.66073
"1436",-86.338656,32.296666
"1437",-87.720784,33.049218
"1438",-85.7438,34.922288
"1439",-86.823,33.488998
"1440",-88.14784,30.605656
"1441",-87.94668,30.66073
"1442",-88.021,30.691006
"1443",-86.814032,31.420868
"1444",-88.127256,30.68345
"1445",-87.996128,30.679568
"1446",-86.785,33.394002
"1447",-88.046224,30.671664
"1448",-88.156384,30.590842
"1449",-87.720784,33.049218
"1450",-88.044648,30.674182
"1451",-86.823,33.488998
"1452",-87.531304,33.219264
"1453",-86.503048,34.68802
"1454",-87.982416,30.674894
"1455",-86.861,34.634
"1456",-87.962216,30.664912
"1457",-86.515,34.697
"1458",-86.517496,34.700884
"1459",-86.799,33.258998
"1460",-88.14784,30.605656
"1461",-88.047168,30.670438
"1462",-87.888688,30.761922
"1463",-87.49448,30.580376
"1464",-88.044648,30.674182
"1465",-86.799,33.258998
"1466",-85.7438,34.922288
"1467",-77.46931125,37.5617448
"1468",-78.63608,35.77854
"1469",-120.88985,38.79959
"1470",-96.7841399,32.78433
"1471",-112.0777,33.4482
"1472",-122.37602,47.669343
"1473",-97.09521019,32.65214989
"1474",-75.40757059,40.22605091
"1475",-73.98667574,40.72719982
"1476",-118.378,34.1722
"1477",-73.95789,40.76024
"1478",-82.32697163,29.65056689
"1479",-122.40294686,37.71235651
"1480",-122.40294686,37.71235651
"1481",-98.61903786,29.49601991
"1482",-88.98312984,41.31641255
"1483",-74.25500003,41.13913489
"1484",-97.2673,35.4824
"1485",-96.68233703,33.22099058
"1486",-74.2117,40.766
"1487",-96.75378,32.81004
"1488",-87.6777349,41.9170867
"1489",-76.9670055,38.93085999
"1490",-97.7475,30.2677
"1491",-74.5,40
"1492",-122.17899525,47.60935052
"1493",-74.00554181,40.75120712
"1494",-96.0394,41.1843
"1495",-73.81419594,40.84383268
"1496",-76.16951637,36.87192435
"1497",-76.16951637,36.87192435
"1498",-76.16951637,36.87192435
"1499",-76.16951637,36.87192435
"1500",-76.16951637,36.87192435
"1501",-87.603826,41.820267
"1502",-90.18472222,32.29888889
"1503",-91.29712756,46.10885448
"1504",-77.04282,38.80379
"1505",-87.79752,42.18688
"1506",-82.5,40.5
"1507",-118.243,34.0522
"1508",-122.65494042,45.70496976
"1509",-122.65494042,45.70496976
"1510",-120.14027,39.17159
"1511",-118.243,34.0522
"1512",-75.13425989,39.96553185
"1513",-77.0368707,38.9071923
"1514",-117.2483788,33.9175787
"1515",-117.19583,33.9113
"1516",-82.8148,34.6849
"1517",-117.22381389,33.92691191
"1518",-74.0064,40.7142
"1519",-100.7837392,46.8083268
"1520",-74.7504568,40.2206778
"1521",-112.1837193,33.5398543
"1522",-123.087,44.0519
"1523",-111.85168843,40.76635005
"1524",-90.5013,41.5738
"1525",-85.7438,34.922288
"1526",-86.799,33.258998
"1527",-88.047168,30.670438
"1528",-86.338656,32.296666
"1529",-87.531304,33.219264
"1530",-86.517936,34.702156
"1531",-88.044648,30.674182
"1532",-88.123952,30.655474
"1533",-88.104352,30.80662
"1534",-87.982416,30.674894
"1535",-86.814032,31.420868
"1536",-88.047168,30.670438
"1537",-86.517936,34.702156
"1538",-86.331376,32.334648
"1539",-86.566776,34.630372
"1540",-86.89652,34.62774
"1541",-88.046592,30.672374
"1542",-86.861,34.634
"1543",-87.888688,30.761922
"1544",-87.531304,33.219264
"1545",-87.888688,30.761922
"1546",-87.996128,30.679568
"1547",-88.127256,30.68345
"1548",-85.7438,34.922288
"1549",-86.814032,31.420868
"1550",-87.94668,30.66073
"1551",-86.503048,34.68802
"1552",-88.08664,30.832148
"1553",-88.010944,30.68511
"1554",-86.517496,34.700884
"1555",-86.861,34.634
"1556",-86.331376,32.334648
"1557",-87.49448,30.580376
"1558",-87.720784,33.049218
"1559",-86.566776,34.630372
"1560",-87.970712,30.667546
"1561",-86.517496,34.700884
"1562",-88.127256,30.68345
"1563",-88.021,30.691006
"1564",-86.515,34.697
"1565",-86.518488,34.703244
"1566",-86.785,33.394002
"1567",-86.786856,34.661548
"1568",-87.946592,30.661198
"1569",-86.89652,34.62774
"1570",-86.219496,32.362388
"1571",-88.044648,30.674182
"1572",-86.799,33.258998
"1573",-88.11912,30.642224
"1574",-86.515,34.697
"1575",-86.321096,32.353504
"1576",-86.799536,31.416614
"1577",-86.823,33.488998
"1578",-86.338656,32.296666
"1579",-88.156384,30.590842
"1580",-87.970712,30.667546
"1581",-88.091184,30.82725
"1582",-86.666576,31.813372
"1583",-86.597,34.733
"1584",-87.49448,30.580376
"1585",-88.091184,30.82725
"1586",-87.720784,33.049218
"1587",-86.219496,32.362388
"1588",-88.022224,30.691374
"1589",-86.597,34.733
"1590",-86.823,33.488998
"1591",-86.799536,31.416614
"1592",-88.156384,30.590842
"1593",-88.11912,30.642224
"1594",-87.865944,30.946348
"1595",-86.321096,32.353504
"1596",-88.046224,30.671664
"1597",-88.021,30.691006
"1598",-88.08664,30.832148
"1599",-88.14784,30.605656
"1600",-86.336384,32.320958
"1601",-88.14784,30.605656
"1602",-88.076456,30.846566
"1603",-87.962216,30.664912
"1604",-86.336384,32.320958
"1605",-87.962216,30.664912
"1606",-86.518488,34.703244
"1607",-87.982416,30.674894
"1608",-87.94668,30.66073
"1609",-86.785,33.394002
"1610",-86.786856,34.661548
"1611",-86.666576,31.813372
"1612",-88.121552,30.625858
"1613",-86.503048,34.68802
"1614",-77.46931125,37.5617448
"1615",-78.63608,35.77854
"1616",-120.88985,38.79959
"1617",-96.7841399,32.78433
"1618",-112.0777,33.4482
"1619",-122.37602,47.669343
"1620",-97.09521019,32.65214989
"1621",-75.40757059,40.22605091
"1622",-73.98667574,40.72719982
"1623",-118.378,34.1722
"1624",-73.95789,40.76024
"1625",-82.32697163,29.65056689
"1626",-122.40294686,37.71235651
"1627",-122.40294686,37.71235651
"1628",-98.61903786,29.49601991
"1629",-88.98312984,41.31641255
"1630",-74.25500003,41.13913489
"1631",-97.2673,35.4824
"1632",-96.68233703,33.22099058
"1633",-74.2117,40.766
"1634",-96.75378,32.81004
"1635",-87.6777349,41.9170867
"1636",-76.9670055,38.93085999
"1637",-97.7475,30.2677
"1638",-74.5,40
"1639",-122.17899525,47.60935052
"1640",-74.00554181,40.75120712
"1641",-96.0394,41.1843
"1642",-73.81419594,40.84383268
"1643",-76.16951637,36.87192435
"1644",-76.16951637,36.87192435
"1645",-76.16951637,36.87192435
"1646",-76.16951637,36.87192435
"1647",-76.16951637,36.87192435
"1648",-87.603826,41.820267
"1649",-90.18472222,32.29888889
"1650",-91.29712756,46.10885448
"1651",-77.04282,38.80379
"1652",-87.79752,42.18688
"1653",-82.5,40.5
"1654",-118.243,34.0522
"1655",-122.65494042,45.70496976
"1656",-122.65494042,45.70496976
"1657",-120.14027,39.17159
"1658",-118.243,34.0522
"1659",-75.13425989,39.96553185
"1660",-77.0368707,38.9071923
"1661",-117.2483788,33.9175787
"1662",-117.19583,33.9113
"1663",-82.8148,34.6849
"1664",-117.22381389,33.92691191
"1665",-74.0064,40.7142
"1666",-100.7837392,46.8083268
"1667",-74.7504568,40.2206778
"1668",-112.1837193,33.5398543
"1669",-123.087,44.0519
"1670",-111.85168843,40.76635005
"1671",-93.29781419,44.94761628
"1672",-86.44265,34.62624
"1673",-115.17532386,36.09585915
"1674",-76.9374799,38.88879
"1675",-122.0412154,37.9129635
"1676",-80.78999726,34.71854624
"1677",-81.55650496,28.33774294
"1678",-73.95,40.65
"1679",-81.86854,26.64541
"1680",-117.03186984,32.81281619
"1681",-80.98505259,35.10027508
"1682",-71.0952,42.3885
"1683",-89.8549,34.9621
"1684",-89.8549,34.9621
"1685",-94.58471,39.22547
"1686",-95.807911,29.707288
"1687",-89.7479445,35.06974624
"1688",-118.243,34.0522
"1689",-118.40033,34.07347
"1690",-88.156384,30.590842
"1691",-86.666576,31.813372
"1692",-86.666576,31.813372
"1693",-86.785,33.394002
"1694",-87.970712,30.667546
"1695",-86.302728,32.367802
"1696",-88.047168,30.670438
"1697",-86.823,33.488998
"1698",-88.046592,30.672374
"1699",-87.94668,30.66073
"1700",-86.795,33.514
"1701",-87.94668,30.66073
"1702",-88.08664,30.832148
"1703",-86.799,33.258998
"1704",-88.127256,30.68345
"1705",-87.865944,30.946348
"1706",-88.08664,30.832148
"1707",-86.503048,34.68802
"1708",-86.302728,32.367802
"1709",-88.076456,30.846566
"1710",-88.156384,30.590842
"1711",-87.49448,30.580376
"1712",-86.336384,32.320958
"1713",-87.970712,30.667546
"1714",-86.336384,32.320958
"1715",-86.795,33.514
"1716",-87.49448,30.580376
"1717",-87.720784,33.049218
"1718",-86.503048,34.68802
"1719",-86.785,33.394002
"1720",-87.946592,30.661198
"1721",-88.104352,30.80662
"1722",-87.996128,30.679568
"1723",-86.795,33.514
"1724",-86.338656,32.296666
"1725",-86.566776,34.630372
"1726",-86.331376,32.334648
"1727",-87.888688,30.761922
"1728",-86.566776,34.630372
"1729",-86.799,33.258998
"1730",-86.331376,32.334648
"1731",-88.047168,30.670438
"1732",-86.823,33.488998
"1733",-86.338656,32.296666
"1734",-88.010944,30.68511
"1735",-87.720784,33.049218
"1736",-87.888688,30.761922
"1737",-86.321096,32.353504
"1738",-88.046224,30.671664
"1739",-86.321096,32.353504
"1740",-88.022224,30.691374
"1741",-88.127256,30.68345
"1742",-86.517496,34.700884
"1743",-86.795,33.514
"1744",-87.982416,30.674894
"1745",-86.517496,34.700884
"1746",-87.982416,30.674894
"1747",-89.33000565,31.33356058
"1748",-73.98568215,40.7723797
"1749",-80.86633801,35.19985934
"1750",-71.068,42.4058
"1751",-74.0064,40.7142
"1752",-98.39166667,40.58916667
"1753",-95.39865,29.75154
"1754",-73.9279,41.7024
"1755",-74.2737,40.7304
"1756",-74.0300157,40.7475143
"1757",-73.92358371,40.70683897
"1758",-118.44882,34.04576
"1759",-77.03326,38.89964
"1760",-76.16951637,36.87192435
"1761",-76.16951637,36.87192435
"1762",-76.16951637,36.87192435
"1763",-116.54773,33.82336
"1764",-104.9836,39.7391
"1765",-119.80084419,36.75738429
"1766",-82.70134772,27.84389796
"1767",-72.1098,41.468
"1768",-81.088417,35.103729
"1769",-73.4305475,40.6522137
"1770",-84.1265066,39.6591898
"1771",-87.78041,41.87241
"1772",-77.44203658,37.526027
"1773",-122.33168,47.61178
"1774",-70.9705,42.5137
"1775",-74.0029799,40.60677
"1776",-94.5809,39.1022
"1777",-87.98224813,43.09511
"1778",-80.84333333,35.22694444
"1779",-82.3854,34.8443
"1780",-80.1418,26.1358
"1781",-78.90513703,36.17641355
"1782",-77.861,40.7939
"1783",-73.98867,40.72139
"1784",-118.243,34.0522
"1785",-90.5013,41.5738
"1786",-77.46931125,37.5617448
"1787",-78.63608,35.77854
"1788",-120.88985,38.79959
"1789",-96.7841399,32.78433
"1790",-112.0777,33.4482
"1791",-122.37602,47.669343
"1792",-97.09521019,32.65214989
"1793",-75.40757059,40.22605091
"1794",-73.98667574,40.72719982
"1795",-118.378,34.1722
"1796",-73.95789,40.76024
"1797",-82.32697163,29.65056689
"1798",-122.40294686,37.71235651
"1799",-98.61903786,29.49601991
"1800",-88.98312984,41.31641255
"1801",-74.25500003,41.13913489
"1802",-97.2673,35.4824
"1803",-96.68233703,33.22099058
"1804",-74.2117,40.766
"1805",-96.75378,32.81004
"1806",-87.6777349,41.9170867
"1807",-76.9670055,38.93085999
"1808",-97.7475,30.2677
"1809",-74.5,40
"1810",-122.17899525,47.60935052
"1811",-74.00554181,40.75120712
"1812",-96.0394,41.1843
"1813",-73.81419594,40.84383268
"1814",-87.603826,41.820267
"1815",-90.18472222,32.29888889
"1816",-91.29712756,46.10885448
"1817",-77.04282,38.80379
"1818",-86.823,33.488998
"1819",-86.566776,34.630372
"1820",-88.046592,30.672374
"1821",-87.531304,33.219264
"1822",-88.091184,30.82725
"1823",-86.515,34.697
"1824",-87.962216,30.664912
"1825",-86.503048,34.68802
"1826",-86.219496,32.362388
"1827",-86.597,34.733
"1828",-86.89652,34.62774
"1829",-88.08664,30.832148
"1830",-88.156384,30.590842
"1831",-86.861,34.634
"1832",-85.7438,34.922288
"1833",-87.531304,33.219264
"1834",-88.076456,30.846566
"1835",-88.044648,30.674182
"1836",-86.799536,31.416614
"1837",-87.720784,33.049218
"1838",-88.11912,30.642224
"1839",-86.517936,34.702156
"1840",-88.121552,30.625858
"1841",-86.795,33.514
"1842",-86.814032,31.420868
"1843",-86.597,34.733
"1844",-86.518488,34.703244
"1845",-88.127256,30.68345
"1846",-87.49448,30.580376
"1847",-86.786856,34.661548
"1848",-87.946592,30.661198
"1849",-88.104352,30.80662
"1850",-88.022224,30.691374
"1851",-87.94668,30.66073
"1852",-88.021,30.691006
"1853",-87.996128,30.679568
"1854",-88.156384,30.590842
"1855",-88.046224,30.671664
"1856",-86.666576,31.813372
"1857",-88.08664,30.832148
"1858",-88.044648,30.674182
"1859",-86.517936,34.702156
"1860",-86.321096,32.353504
"1861",-86.666576,31.813372
"1862",-87.888688,30.761922
"1863",-88.14784,30.605656
"1864",-86.786856,34.661548
"1865",-86.503048,34.68802
"1866",-86.823,33.488998
"1867",-86.338656,32.296666
"1868",-86.861,34.634
"1869",-86.566776,34.630372
"1870",-87.49448,30.580376
"1871",-88.127256,30.68345
"1872",-86.331376,32.334648
"1873",-86.219496,32.362388
"1874",-86.518488,34.703244
"1875",-87.888688,30.761922
"1876",-86.89652,34.62774
"1877",-86.336384,32.320958
"1878",-88.047168,30.670438
"1879",-88.047168,30.670438
"1880",-88.11912,30.642224
"1881",-86.321096,32.353504
"1882",-88.021,30.691006
"1883",-87.962216,30.664912
"1884",-86.799536,31.416614
"1885",-88.14784,30.605656
"1886",-86.515,34.697
"1887",-86.336384,32.320958
"1888",-88.123952,30.655474
"1889",-87.970712,30.667546
"1890",-85.7438,34.922288
"1891",-86.799,33.258998
"1892",-87.865944,30.946348
"1893",-86.799,33.258998
"1894",-87.970712,30.667546
"1895",-86.517496,34.700884
"1896",-86.814032,31.420868
"1897",-87.720784,33.049218
"1898",-88.091184,30.82725
"1899",-86.517496,34.700884
"1900",-86.338656,32.296666
"1901",-88.010944,30.68511
"1902",-87.94668,30.66073
"1903",-86.331376,32.334648
"1904",-87.79752,42.18688
"1905",-76.16951637,36.87192435
"1906",-76.16951637,36.87192435
"1907",-76.16951637,36.87192435
"1908",-76.16951637,36.87192435
"1909",-76.16951637,36.87192435
"1910",-82.5,40.5
"1911",-118.243,34.0522
"1912",-122.65494042,45.70496976
"1913",-122.65494042,45.70496976
"1914",-120.14027,39.17159
"1915",-118.243,34.0522
"1916",-75.13425989,39.96553185
"1917",-77.0368707,38.9071923
"1918",-117.2483788,33.9175787
"1919",-117.19583,33.9113
"1920",-82.8148,34.6849
"1921",-117.22381389,33.92691191
"1922",-74.0064,40.7142
"1923",-100.7837392,46.8083268
"1924",-122.40294686,37.71235651
"1925",-122.40294686,37.71235651
"1926",-74.7504568,40.2206778
"1927",-112.1837193,33.5398543
"1928",-123.087,44.0519
"1929",-96.75378,32.81004
"1930",-111.85168843,40.76635005
"1931",-93.29781419,44.94761628
"1932",-86.44265,34.62624
"1933",-115.17532386,36.09585915
"1934",-76.9374799,38.88879
"1935",-122.0412154,37.9129635
"1936",-80.78999726,34.71854624
"1937",-81.55650496,28.33774294
"1938",-73.95,40.65
"1939",-81.86854,26.64541
"1940",-117.03186984,32.81281619
"1941",-94.58471,39.22547
"1942",-80.98505259,35.10027508
"1943",-71.0952,42.3885
"1944",-89.8549,34.9621
"1945",-95.807911,29.707288
"1946",-89.7479445,35.06974624
"1947",-118.40033,34.07347
"1948",-118.243,34.0522
"1949",-89.33000565,31.33356058
"1950",-73.98568215,40.7723797
"1951",-80.86633801,35.19985934
"1952",-90.5013,41.5738
"1953",-77.46931125,37.5617448
"1954",-78.63608,35.77854
"1955",-120.88985,38.79959
"1956",-96.7841399,32.78433
"1957",-112.0777,33.4482
"1958",-122.37602,47.669343
"1959",-97.09521019,32.65214989
"1960",-75.40757059,40.22605091
"1961",-73.98667574,40.72719982
"1962",-118.378,34.1722
"1963",-73.95789,40.76024
"1964",-82.32697163,29.65056689
"1965",-98.61903786,29.49601991
"1966",-88.98312984,41.31641255
"1967",-74.25500003,41.13913489
"1968",-97.2673,35.4824
"1969",-96.68233703,33.22099058
"1970",-74.2117,40.766
"1971",-87.6777349,41.9170867
"1972",-76.9670055,38.93085999
"1973",-97.7475,30.2677
"1974",-74.5,40
"1975",-122.17899525,47.60935052
"1976",-74.00554181,40.75120712
"1977",-96.0394,41.1843
"1978",-73.81419594,40.84383268
"1979",-87.603826,41.820267
"1980",-88.046592,30.672374
"1981",-87.946592,30.661198
"1982",-88.156384,30.590842
"1983",-86.799,33.258998
"1984",-86.823,33.488998
"1985",-87.888688,30.761922
"1986",-87.865944,30.946348
"1987",-86.331376,32.334648
"1988",-86.336384,32.320958
"1989",-87.49448,30.580376
"1990",-87.888688,30.761922
"1991",-88.11912,30.642224
"1992",-87.982416,30.674894
"1993",-86.517496,34.700884
"1994",-86.785,33.394002
"1995",-86.566776,34.630372
"1996",-87.970712,30.667546
"1997",-87.970712,30.667546
"1998",-87.720784,33.049218
"1999",-87.49448,30.580376
"2000",-86.566776,34.630372
"2001",-88.127256,30.68345
"2002",-86.785,33.394002
"2003",-87.996128,30.679568
"2004",-88.14784,30.605656
"2005",-88.022224,30.691374
"2006",-88.076456,30.846566
"2007",-86.338656,32.296666
"2008",-88.010944,30.68511
"2009",-88.156384,30.590842
"2010",-88.046224,30.671664
"2011",-88.08664,30.832148
"2012",-88.127256,30.68345
"2013",-86.336384,32.320958
"2014",-86.503048,34.68802
"2015",-86.823,33.488998
"2016",-87.94668,30.66073
"2017",-86.517496,34.700884
"2018",-86.331376,32.334648
"2019",-86.321096,32.353504
"2020",-86.503048,34.68802
"2021",-87.720784,33.049218
"2022",-86.517936,34.702156
"2023",-86.321096,32.353504
"2024",-88.08664,30.832148
"2025",-88.047168,30.670438
"2026",-86.799,33.258998
"2027",-87.94668,30.66073
"2028",-88.11912,30.642224
"2029",-87.982416,30.674894
"2030",-86.338656,32.296666
"2031",-88.047168,30.670438
"2032",-88.104352,30.80662
"2033",-86.666576,31.813372
"2034",-86.517936,34.702156
"2035",-88.14784,30.605656
"2036",-86.666576,31.813372
"2037",-90.18472222,32.29888889
"2038",-91.29712756,46.10885448
"2039",-77.04282,38.80379
"2040",-87.79752,42.18688
"2041",-76.16951637,36.87192435
"2042",-82.5,40.5
"2043",-118.243,34.0522
"2044",-90.5013,41.5738
"2045",-77.46931125,37.5617448
"2046",-78.63608,35.77854
"2047",-120.88985,38.79959
"2048",-96.7841399,32.78433
"2049",-112.0777,33.4482
"2050",-122.37602,47.669343
"2051",-97.09521019,32.65214989
"2052",-75.40757059,40.22605091
"2053",-73.98667574,40.72719982
"2054",-118.378,34.1722
"2055",-73.95789,40.76024
"2056",-82.32697163,29.65056689
"2057",-98.61903786,29.49601991
"2058",-88.98312984,41.31641255
"2059",-74.25500003,41.13913489
"2060",-97.2673,35.4824
"2061",-96.68233703,33.22099058
"2062",-74.2117,40.766
"2063",-96.75378,32.81004
"2064",-87.6777349,41.9170867
"2065",-76.9670055,38.93085999
"2066",-97.7475,30.2677
"2067",-74.5,40
"2068",-122.17899525,47.60935052
"2069",-74.00554181,40.75120712
"2070",-96.0394,41.1843
"2071",-73.81419594,40.84383268
